participant_id,age,gender,condition,light_lux,noise_db,n_back_level,trial_number,reaction_time_ms,correct
P01,19,Female,Baseline,412.7,36.7,2,1,642.1,1
P01,19,Female,Baseline,511.7,36.6,2,2,579.0,1
P01,19,Female,Baseline,472.3,32.9,1,3,495.0,1
P01,19,Female,Baseline,485.7,40.8,1,4,522.2,1
P01,19,Female,Baseline,505.0,36.8,1,5,509.8,1
P01,19,Female,Baseline,464.7,33.2,2,6,634.5,1
P01,19,Female,Baseline,480.5,39.9,1,7,584.3,1
P01,19,Female,Baseline,463.1,37.7,2,8,516.3,1
P01,19,Female,Baseline,427.1,34.0,1,9,503.0,1
P01,19,Female,Baseline,532.0,36.6,2,10,650.5,1
P01,19,Female,Baseline,471.8,34.2,1,11,596.6,1
P01,19,Female,Baseline,497.4,39.0,2,12,577.7,0
P01,19,Female,Baseline,482.9,35.9,2,13,612.4,1
P01,19,Female,Baseline,470.4,33.9,1,14,562.1,1
P01,19,Female,Baseline,534.4,41.3,2,15,693.6,1
P01,19,Female,Baseline,454.4,34.3,1,16,533.0,1
P01,19,Female,Baseline,505.4,37.1,1,17,497.5,1
P01,19,Female,Baseline,513.5,46.0,2,18,777.8,0
P01,19,Female,Baseline,440.4,29.5,2,19,572.7,1
P01,19,Female,Baseline,455.5,37.4,1,20,615.4,0
P01,19,Female,Baseline,473.7,33.9,1,21,529.6,1
P01,19,Female,Baseline,491.2,45.1,1,22,563.8,1
P01,19,Female,Baseline,460.0,33.3,1,23,518.4,1
P01,19,Female,Baseline,447.1,41.4,1,24,510.1,0
P01,19,Female,Baseline,495.4,37.4,2,25,582.2,1
P01,19,Female,Light,1054.5,33.1,1,1,719.5,0
P01,19,Female,Light,1257.9,38.6,1,2,1019.6,1
P01,19,Female,Light,1121.9,36.4,2,3,975.3,1
P01,19,Female,Light,1253.6,38.7,1,4,924.6,1
P01,19,Female,Light,1272.4,37.3,2,5,1062.3,1
P01,19,Female,Light,989.3,34.4,2,6,776.6,1
P01,19,Female,Light,1083.7,39.4,2,7,957.3,1
P01,19,Female,Light,1164.4,29.8,1,8,854.7,1
P01,19,Female,Light,1012.2,36.7,2,9,868.8,1
P01,19,Female,Light,1103.1,36.1,2,10,955.3,1
P01,19,Female,Light,1233.7,37.4,1,11,942.2,1
P01,19,Female,Light,1124.2,38.7,2,12,927.1,1
P01,19,Female,Light,1351.7,45.5,1,13,1086.2,0
P01,19,Female,Light,953.7,35.6,2,14,842.5,0
P01,19,Female,Light,1034.6,29.4,1,15,771.8,1
P01,19,Female,Light,1047.1,34.5,1,16,695.5,1
P01,19,Female,Light,1312.9,32.9,2,17,1081.7,0
P01,19,Female,Light,1390.5,33.3,1,18,1207.2,0
P01,19,Female,Light,1001.3,37.0,2,19,858.4,1
P01,19,Female,Light,1062.4,37.5,1,20,795.1,1
P01,19,Female,Light,1123.2,35.8,1,21,892.4,1
P01,19,Female,Light,1115.5,39.4,2,22,919.5,0
P01,19,Female,Light,1131.6,37.6,2,23,1051.3,1
P01,19,Female,Light,1138.6,34.9,1,24,898.2,1
P01,19,Female,Light,1219.1,39.1,1,25,998.3,1
P01,19,Female,Noise,517.1,70.3,1,1,606.5,1
P01,19,Female,Noise,482.1,66.5,2,2,674.3,1
P01,19,Female,Noise,486.1,75.4,2,3,698.3,1
P01,19,Female,Noise,491.8,66.1,1,4,523.0,1
P01,19,Female,Noise,549.1,60.3,2,5,643.7,1
P01,19,Female,Noise,437.9,66.3,1,6,696.0,0
P01,19,Female,Noise,549.3,73.9,1,7,746.3,1
P01,19,Female,Noise,513.1,66.5,2,8,687.1,1
P01,19,Female,Noise,519.6,62.1,2,9,658.3,1
P01,19,Female,Noise,510.0,77.1,2,10,761.8,0
P01,19,Female,Noise,477.3,62.1,1,11,693.3,1
P01,19,Female,Noise,452.0,62.9,2,12,676.8,1
P01,19,Female,Noise,453.2,69.6,1,13,672.2,1
P01,19,Female,Noise,492.2,68.4,2,14,716.1,1
P01,19,Female,Noise,397.5,65.0,2,15,603.7,1
P01,19,Female,Noise,494.7,72.2,1,16,616.7,1
P01,19,Female,Noise,522.7,69.2,2,17,713.2,1
P01,19,Female,Noise,474.1,67.2,2,18,713.4,0
P01,19,Female,Noise,437.7,67.4,1,19,595.1,0
P01,19,Female,Noise,488.1,72.2,2,20,711.2,0
P01,19,Female,Noise,514.3,72.2,1,21,779.2,1
P01,19,Female,Noise,399.9,76.0,1,22,647.8,1
P01,19,Female,Noise,532.4,60.0,1,23,522.2,1
P01,19,Female,Noise,497.6,70.6,1,24,662.4,1
P01,19,Female,Noise,387.6,68.3,2,25,735.0,1
P01,19,Female,Both,1113.8,71.8,1,1,976.6,1
P01,19,Female,Both,1029.5,67.1,2,2,976.2,0
P01,19,Female,Both,1152.1,66.7,2,3,1039.6,1
P01,19,Female,Both,900.7,61.5,2,4,688.5,1
P01,19,Female,Both,1174.9,66.6,1,5,1022.0,0
P01,19,Female,Both,1232.8,67.7,1,6,1075.2,0
P01,19,Female,Both,1109.2,63.8,1,7,902.4,0
P01,19,Female,Both,1011.2,66.2,1,8,950.9,1
P01,19,Female,Both,1139.3,62.8,2,9,1048.9,0
P01,19,Female,Both,916.9,72.6,1,10,780.6,0
P01,19,Female,Both,1034.6,70.1,1,11,881.0,1
P01,19,Female,Both,1136.2,74.6,2,12,981.5,0
P01,19,Female,Both,1066.9,73.6,1,13,954.1,1
P01,19,Female,Both,1134.9,77.8,1,14,1017.5,1
P01,19,Female,Both,1207.6,63.8,1,15,1061.8,1
P01,19,Female,Both,1131.4,63.8,2,16,908.6,1
P01,19,Female,Both,1054.1,66.5,1,17,1005.9,1
P01,19,Female,Both,1003.8,69.7,2,18,913.0,1
P01,19,Female,Both,1161.9,66.3,2,19,1123.1,1
P01,19,Female,Both,1100.6,81.0,2,20,1133.6,0
P01,19,Female,Both,1158.1,67.7,2,21,1057.4,0
P01,19,Female,Both,1143.0,63.7,1,22,1011.4,1
P01,19,Female,Both,1208.5,69.8,1,23,1054.7,1
P01,19,Female,Both,1069.1,72.7,1,24,920.1,0
P01,19,Female,Both,950.5,74.8,2,25,959.1,1
P02,27,Female,Baseline,419.9,26.1,2,1,698.4,1
P02,27,Female,Baseline,457.6,39.9,2,2,476.4,1
P02,27,Female,Baseline,484.0,37.7,2,3,580.6,1
P02,27,Female,Baseline,452.5,41.6,1,4,593.4,1
P02,27,Female,Baseline,444.5,43.3,2,5,642.3,1
P02,27,Female,Baseline,538.2,38.5,1,6,518.6,1
P02,27,Female,Baseline,465.5,34.2,1,7,529.6,1
P02,27,Female,Baseline,505.5,35.8,2,8,627.5,1
P02,27,Female,Baseline,448.5,31.3,2,9,580.7,1
P02,27,Female,Baseline,469.9,37.4,2,10,577.5,1
P02,27,Female,Baseline,508.3,40.7,2,11,596.9,1
P02,27,Female,Baseline,561.4,37.7,2,12,552.9,1
P02,27,Female,Baseline,438.7,33.0,2,13,542.1,1
P02,27,Female,Baseline,477.2,39.3,1,14,511.2,1
P02,27,Female,Baseline,516.0,41.0,1,15,472.9,1
P02,27,Female,Baseline,487.5,32.2,1,16,505.6,1
P02,27,Female,Baseline,444.0,38.8,2,17,645.8,1
P02,27,Female,Baseline,469.9,39.5,2,18,438.6,0
P02,27,Female,Baseline,468.2,33.7,1,19,621.6,1
P02,27,Female,Baseline,446.5,38.9,1,20,602.5,0
P02,27,Female,Baseline,490.0,45.3,2,21,550.0,1
P02,27,Female,Baseline,428.8,36.3,2,22,548.2,0
P02,27,Female,Baseline,489.7,30.9,1,23,481.7,1
P02,27,Female,Baseline,454.9,35.5,1,24,545.4,1
P02,27,Female,Baseline,497.9,31.3,2,25,517.7,1
P02,27,Female,Light,957.6,39.8,1,1,623.4,1
P02,27,Female,Light,1171.4,39.0,2,2,1001.2,0
P02,27,Female,Light,1103.2,39.1,1,3,758.4,1
P02,27,Female,Light,1046.7,36.4,2,4,743.8,0
P02,27,Female,Light,1261.1,48.2,2,5,1014.9,1
P02,27,Female,Light,1069.0,36.9,2,6,760.9,1
P02,27,Female,Light,1152.5,32.0,2,7,942.8,0
P02,27,Female,Light,1117.2,36.7,2,8,903.0,0
P02,27,Female,Light,972.9,31.1,1,9,693.0,0
P02,27,Female,Light,1284.8,37.3,1,10,937.6,1
P02,27,Female,Light,1131.9,34.5,1,11,835.4,1
P02,27,Female,Light,1067.6,31.2,2,12,774.9,1
P02,27,Female,Light,1091.8,31.2,2,13,758.8,0
P02,27,Female,Light,1047.7,27.7,1,14,763.0,1
P02,27,Female,Light,968.3,41.3,2,15,763.3,0
P02,27,Female,Light,1138.5,39.7,1,16,826.2,1
P02,27,Female,Light,1162.5,43.0,2,17,892.3,0
P02,27,Female,Light,1049.9,36.3,1,18,795.8,1
P02,27,Female,Light,1054.1,36.3,1,19,773.9,1
P02,27,Female,Light,1195.2,29.0,2,20,915.2,1
P02,27,Female,Light,1003.6,34.3,1,21,704.0,1
P02,27,Female,Light,1075.5,33.9,2,22,895.4,1
P02,27,Female,Light,1008.9,40.2,1,23,708.4,1
P02,27,Female,Light,1098.6,40.8,1,24,800.0,1
P02,27,Female,Light,978.4,31.7,2,25,795.4,0
P02,27,Female,Noise,439.1,67.5,1,1,456.5,1
P02,27,Female,Noise,443.1,75.3,1,2,625.0,0
P02,27,Female,Noise,434.4,62.4,2,3,628.9,1
P02,27,Female,Noise,472.5,69.4,2,4,656.7,1
P02,27,Female,Noise,512.3,59.9,2,5,670.0,1
P02,27,Female,Noise,439.2,58.7,2,6,619.6,0
P02,27,Female,Noise,551.9,70.6,2,7,606.4,1
P02,27,Female,Noise,468.0,62.9,2,8,740.6,0
P02,27,Female,Noise,525.4,63.4,1,9,605.1,1
P02,27,Female,Noise,530.0,71.2,1,10,638.6,1
P02,27,Female,Noise,493.6,59.1,1,11,524.9,1
P02,27,Female,Noise,547.3,76.6,1,12,694.1,0
P02,27,Female,Noise,534.0,68.1,2,13,588.9,1
P02,27,Female,Noise,482.4,61.5,1,14,563.1,1
P02,27,Female,Noise,551.9,72.5,1,15,620.6,0
P02,27,Female,Noise,471.9,62.6,1,16,563.1,1
P02,27,Female,Noise,430.0,70.6,1,17,504.9,1
P02,27,Female,Noise,519.8,73.3,2,18,726.2,1
P02,27,Female,Noise,446.2,62.6,2,19,655.7,1
P02,27,Female,Noise,524.0,67.3,1,20,521.8,1
P02,27,Female,Noise,488.7,67.0,1,21,603.2,1
P02,27,Female,Noise,454.9,69.6,2,22,638.3,1
P02,27,Female,Noise,490.9,62.3,1,23,653.1,0
P02,27,Female,Noise,492.7,62.2,1,24,457.8,1
P02,27,Female,Noise,481.2,68.2,1,25,662.7,1
P02,27,Female,Both,1139.6,75.8,2,1,958.3,0
P02,27,Female,Both,1024.7,63.5,2,2,949.4,0
P02,27,Female,Both,1066.4,77.5,1,3,898.8,1
P02,27,Female,Both,1090.7,68.7,2,4,1123.7,1
P02,27,Female,Both,1029.3,72.8,1,5,829.3,1
P02,27,Female,Both,1190.9,68.2,1,6,991.8,1
P02,27,Female,Both,1142.5,58.3,1,7,942.3,1
P02,27,Female,Both,955.8,67.7,2,8,796.9,1
P02,27,Female,Both,965.8,66.0,2,9,804.8,1
P02,27,Female,Both,1127.9,63.0,1,10,912.3,1
P02,27,Female,Both,904.1,67.9,2,11,790.0,0
P02,27,Female,Both,1097.2,69.1,1,12,840.4,0
P02,27,Female,Both,990.7,69.4,2,13,939.0,1
P02,27,Female,Both,849.8,59.5,2,14,710.9,1
P02,27,Female,Both,1103.9,66.4,2,15,1018.1,1
P02,27,Female,Both,1013.8,70.4,2,16,915.7,0
P02,27,Female,Both,1085.3,75.9,1,17,882.9,1
P02,27,Female,Both,1077.5,61.6,1,18,801.1,1
P02,27,Female,Both,1139.7,70.8,1,19,919.4,0
P02,27,Female,Both,1215.8,75.2,2,20,1187.1,1
P02,27,Female,Both,1068.2,63.7,2,21,927.4,0
P02,27,Female,Both,1083.4,77.4,1,22,946.3,1
P02,27,Female,Both,1107.6,68.0,2,23,999.0,1
P02,27,Female,Both,1264.7,69.5,1,24,1029.5,1
P02,27,Female,Both,1194.0,72.3,2,25,1092.2,1
P03,25,Male,Baseline,499.6,42.8,2,1,541.6,1
P03,25,Male,Baseline,362.8,39.5,1,2,316.1,1
P03,25,Male,Baseline,498.1,39.9,2,3,523.2,1
P03,25,Male,Baseline,460.6,47.0,1,4,511.0,1
P03,25,Male,Baseline,544.7,38.5,2,5,559.1,1
P03,25,Male,Baseline,425.4,37.0,1,6,467.8,1
P03,25,Male,Baseline,481.4,36.9,2,7,577.3,0
P03,25,Male,Baseline,440.0,33.8,2,8,629.0,1
P03,25,Male,Baseline,423.3,39.8,2,9,486.4,1
P03,25,Male,Baseline,509.4,39.5,2,10,601.4,1
P03,25,Male,Baseline,493.2,36.8,2,11,615.0,0
P03,25,Male,Baseline,551.8,43.3,2,12,563.8,1
P03,25,Male,Baseline,510.7,38.5,2,13,613.7,1
P03,25,Male,Baseline,450.8,36.3,2,14,605.7,1
P03,25,Male,Baseline,493.6,40.7,1,15,551.2,1
P03,25,Male,Baseline,430.6,43.8,2,16,546.4,0
P03,25,Male,Baseline,438.2,33.9,1,17,498.7,1
P03,25,Male,Baseline,504.8,39.4,1,18,528.7,1
P03,25,Male,Baseline,504.6,29.6,2,19,452.0,1
P03,25,Male,Baseline,479.8,42.2,2,20,638.2,1
P03,25,Male,Baseline,460.0,39.9,2,21,574.3,1
P03,25,Male,Baseline,457.7,41.2,1,22,552.4,1
P03,25,Male,Baseline,519.0,40.8,1,23,472.7,1
P03,25,Male,Baseline,458.5,40.2,2,24,523.7,0
P03,25,Male,Baseline,430.3,37.2,1,25,653.9,1
P03,25,Male,Light,1247.2,38.6,2,1,1030.4,1
P03,25,Male,Light,1144.5,37.4,1,2,808.9,0
P03,25,Male,Light,1035.6,37.8,1,3,672.8,0
P03,25,Male,Light,1244.5,37.7,2,4,945.1,1
P03,25,Male,Light,940.7,34.3,2,5,731.4,1
P03,25,Male,Light,1380.9,35.7,1,6,1138.4,1
P03,25,Male,Light,1143.3,38.2,2,7,901.8,1
P03,25,Male,Light,960.2,31.8,2,8,719.5,1
P03,25,Male,Light,1100.9,41.2,1,9,804.7,0
P03,25,Male,Light,1222.6,44.3,2,10,1037.8,1
P03,25,Male,Light,1213.0,40.5,2,11,1006.7,1
P03,25,Male,Light,990.3,40.8,2,12,716.3,1
P03,25,Male,Light,1184.0,43.9,2,13,927.7,1
P03,25,Male,Light,1076.0,38.4,2,14,896.7,1
P03,25,Male,Light,1135.2,34.0,2,15,917.1,1
P03,25,Male,Light,1025.0,37.1,1,16,715.8,0
P03,25,Male,Light,1090.2,37.0,1,17,674.0,0
P03,25,Male,Light,1073.7,35.3,1,18,765.6,1
P03,25,Male,Light,1106.2,38.1,1,19,801.0,1
P03,25,Male,Light,1271.9,28.7,1,20,959.3,0
P03,25,Male,Light,1169.0,39.9,1,21,850.1,1
P03,25,Male,Light,1203.0,38.7,2,22,984.1,1
P03,25,Male,Light,1169.8,38.4,2,23,933.3,0
P03,25,Male,Light,854.9,32.3,2,24,655.7,1
P03,25,Male,Light,949.3,34.1,1,25,629.7,0
P03,25,Male,Noise,552.1,65.9,2,1,573.4,1
P03,25,Male,Noise,475.3,63.0,1,2,560.6,1
P03,25,Male,Noise,449.5,68.7,2,3,670.4,1
P03,25,Male,Noise,514.2,64.0,1,4,604.4,1
P03,25,Male,Noise,424.9,66.4,2,5,676.7,0
P03,25,Male,Noise,541.3,73.0,2,6,649.5,1
P03,25,Male,Noise,557.4,77.8,1,7,571.2,1
P03,25,Male,Noise,437.7,61.4,1,8,539.1,1
P03,25,Male,Noise,475.9,64.7,1,9,536.3,1
P03,25,Male,Noise,571.3,69.5,1,10,645.1,1
P03,25,Male,Noise,472.6,64.4,2,11,560.0,1
P03,25,Male,Noise,390.0,62.0,1,12,649.9,1
P03,25,Male,Noise,531.6,70.1,1,13,547.3,1
P03,25,Male,Noise,509.1,65.1,2,14,670.2,1
P03,25,Male,Noise,458.0,62.4,1,15,576.6,1
P03,25,Male,Noise,448.3,68.1,1,16,624.6,1
P03,25,Male,Noise,542.1,74.4,1,17,707.6,1
P03,25,Male,Noise,521.8,68.3,2,18,630.7,0
P03,25,Male,Noise,473.1,60.2,1,19,649.1,1
P03,25,Male,Noise,492.1,64.4,1,20,545.8,1
P03,25,Male,Noise,478.5,76.7,1,21,679.4,1
P03,25,Male,Noise,511.8,65.8,1,22,583.8,1
P03,25,Male,Noise,446.6,71.3,1,23,641.3,1
P03,25,Male,Noise,538.0,66.1,2,24,670.5,1
P03,25,Male,Noise,480.9,65.0,2,25,665.8,1
P03,25,Male,Both,1219.4,57.1,2,1,931.9,1
P03,25,Male,Both,1106.0,69.3,2,2,964.2,1
P03,25,Male,Both,1182.4,68.8,1,3,959.2,0
P03,25,Male,Both,887.1,69.3,1,4,646.1,0
P03,25,Male,Both,984.3,63.2,2,5,842.7,1
P03,25,Male,Both,845.4,71.1,2,6,762.0,0
P03,25,Male,Both,1000.4,74.2,1,7,679.3,1
P03,25,Male,Both,982.0,72.0,1,8,833.0,1
P03,25,Male,Both,1283.6,67.0,2,9,1179.8,1
P03,25,Male,Both,1219.0,64.2,2,10,1071.1,1
P03,25,Male,Both,1122.9,72.8,2,11,1016.1,1
P03,25,Male,Both,1087.6,71.7,1,12,843.3,0
P03,25,Male,Both,1127.0,70.1,1,13,1037.8,1
P03,25,Male,Both,1165.8,81.6,2,14,1032.6,1
P03,25,Male,Both,1143.9,65.4,2,15,940.7,0
P03,25,Male,Both,1132.7,64.3,2,16,977.0,1
P03,25,Male,Both,1156.2,61.5,1,17,957.5,0
P03,25,Male,Both,1146.6,66.1,1,18,922.2,1
P03,25,Male,Both,1062.2,72.6,2,19,851.0,1
P03,25,Male,Both,1062.0,69.9,1,20,950.4,0
P03,25,Male,Both,1196.0,60.4,2,21,1085.2,0
P03,25,Male,Both,939.5,67.9,2,22,863.9,1
P03,25,Male,Both,1129.1,75.4,2,23,1089.7,1
P03,25,Male,Both,1068.3,67.2,1,24,881.1,1
P03,25,Male,Both,991.3,69.7,1,25,769.7,0
P04,23,Male,Baseline,539.1,35.8,1,1,487.9,0
P04,23,Male,Baseline,504.1,37.3,1,2,621.9,0
P04,23,Male,Baseline,527.3,36.7,1,3,564.4,1
P04,23,Male,Baseline,507.8,39.0,1,4,627.3,1
P04,23,Male,Baseline,500.5,36.3,2,5,565.8,0
P04,23,Male,Baseline,534.7,34.6,2,6,776.2,1
P04,23,Male,Baseline,518.8,38.1,1,7,582.0,1
P04,23,Male,Baseline,536.0,38.7,2,8,604.7,1
P04,23,Male,Baseline,516.8,40.6,2,9,639.8,1
P04,23,Male,Baseline,445.3,31.5,1,10,610.5,1
P04,23,Male,Baseline,462.4,26.2,1,11,658.4,1
P04,23,Male,Baseline,494.4,32.4,1,12,675.4,1
P04,23,Male,Baseline,491.6,47.3,1,13,588.1,1
P04,23,Male,Baseline,467.0,40.0,1,14,592.5,1
P04,23,Male,Baseline,538.7,37.5,1,15,604.2,1
P04,23,Male,Baseline,494.3,41.9,2,16,618.8,1
P04,23,Male,Baseline,498.4,42.0,1,17,528.5,1
P04,23,Male,Baseline,422.9,30.9,2,18,670.6,1
P04,23,Male,Baseline,479.5,29.0,1,19,591.8,1
P04,23,Male,Baseline,421.7,36.4,2,20,759.8,1
P04,23,Male,Baseline,502.5,38.5,2,21,704.4,1
P04,23,Male,Baseline,515.1,32.5,2,22,680.5,1
P04,23,Male,Baseline,455.3,37.9,2,23,605.5,1
P04,23,Male,Baseline,435.8,39.3,2,24,603.5,1
P04,23,Male,Baseline,432.7,35.7,1,25,680.5,1
P04,23,Male,Light,1078.8,40.0,1,1,741.8,1
P04,23,Male,Light,1299.8,38.5,1,2,1132.1,1
P04,23,Male,Light,900.3,31.3,1,3,730.6,0
P04,23,Male,Light,1231.2,36.7,1,4,949.4,1
P04,23,Male,Light,1076.6,37.2,2,5,894.7,1
P04,23,Male,Light,1219.9,37.3,2,6,1101.1,1
P04,23,Male,Light,1130.9,41.9,1,7,847.6,1
P04,23,Male,Light,1004.1,41.0,1,8,745.9,0
P04,23,Male,Light,1073.9,41.4,2,9,931.0,1
P04,23,Male,Light,1236.4,37.1,1,10,984.7,1
P04,23,Male,Light,1139.6,31.7,1,11,883.0,0
P04,23,Male,Light,1063.5,32.5,1,12,810.1,1
P04,23,Male,Light,1180.9,37.4,2,13,1006.2,1
P04,23,Male,Light,1018.3,33.4,1,14,777.5,0
P04,23,Male,Light,1116.2,40.9,1,15,814.5,1
P04,23,Male,Light,1078.0,39.4,2,16,846.0,1
P04,23,Male,Light,1102.9,42.1,1,17,768.3,1
P04,23,Male,Light,1219.0,37.4,2,18,1034.7,1
P04,23,Male,Light,937.9,28.6,2,19,865.7,1
P04,23,Male,Light,1054.4,32.5,2,20,897.4,1
P04,23,Male,Light,1137.8,39.8,2,21,1004.7,0
P04,23,Male,Light,1257.8,33.7,1,22,1123.9,1
P04,23,Male,Light,957.8,36.8,2,23,905.2,1
P04,23,Male,Light,1119.5,37.1,2,24,986.3,1
P04,23,Male,Light,1095.7,38.3,2,25,910.7,1
P04,23,Male,Noise,596.6,59.1,2,1,664.7,1
P04,23,Male,Noise,481.9,71.8,1,2,749.0,0
P04,23,Male,Noise,525.3,56.3,1,3,651.5,0
P04,23,Male,Noise,431.2,63.8,1,4,669.2,1
P04,23,Male,Noise,491.3,73.4,1,5,745.1,0
P04,23,Male,Noise,471.8,60.6,2,6,735.7,1
P04,23,Male,Noise,461.6,71.2,2,7,749.2,1
P04,23,Male,Noise,526.8,67.1,1,8,633.6,0
P04,23,Male,Noise,530.9,70.7,1,9,672.1,1
P04,23,Male,Noise,495.5,59.2,2,10,746.1,0
P04,23,Male,Noise,575.5,62.5,1,11,760.3,0
P04,23,Male,Noise,452.2,69.1,2,12,742.6,1
P04,23,Male,Noise,452.1,67.6,2,13,745.0,1
P04,23,Male,Noise,470.9,59.9,2,14,764.7,1
P04,23,Male,Noise,451.0,66.6,1,15,619.2,1
P04,23,Male,Noise,529.1,64.8,1,16,703.8,0
P04,23,Male,Noise,489.9,67.3,1,17,647.9,1
P04,23,Male,Noise,473.8,61.1,2,18,687.4,1
P04,23,Male,Noise,496.4,65.7,2,19,637.2,1
P04,23,Male,Noise,434.9,65.5,1,20,684.1,1
P04,23,Male,Noise,489.5,77.5,1,21,729.8,1
P04,23,Male,Noise,473.4,65.1,1,22,548.0,1
P04,23,Male,Noise,475.5,62.9,1,23,634.0,1
P04,23,Male,Noise,504.3,61.3,2,24,778.1,1
P04,23,Male,Noise,453.5,77.6,1,25,725.3,0
P04,23,Male,Both,1047.1,68.4,1,1,937.9,0
P04,23,Male,Both,1096.9,66.9,2,2,1008.6,1
P04,23,Male,Both,963.2,67.1,2,3,879.6,1
P04,23,Male,Both,1061.1,75.4,2,4,962.5,1
P04,23,Male,Both,1022.5,65.1,2,5,983.1,1
P04,23,Male,Both,1189.3,64.1,2,6,1088.6,1
P04,23,Male,Both,1209.9,71.1,2,7,1267.0,1
P04,23,Male,Both,996.9,68.4,1,8,855.3,1
P04,23,Male,Both,994.3,62.7,2,9,929.0,1
P04,23,Male,Both,1184.2,63.4,2,10,1094.2,0
P04,23,Male,Both,970.5,76.5,2,11,1029.6,0
P04,23,Male,Both,965.3,69.1,2,12,1019.1,1
P04,23,Male,Both,1109.5,55.8,2,13,962.8,1
P04,23,Male,Both,1221.3,73.5,2,14,1215.1,1
P04,23,Male,Both,934.2,68.0,1,15,869.3,1
P04,23,Male,Both,914.8,66.4,1,16,827.9,0
P04,23,Male,Both,1055.7,67.8,2,17,1035.4,1
P04,23,Male,Both,1059.0,68.5,1,18,983.2,1
P04,23,Male,Both,1104.0,72.8,1,19,907.2,1
P04,23,Male,Both,1127.4,68.0,2,20,1055.9,0
P04,23,Male,Both,1193.3,70.4,1,21,1085.8,0
P04,23,Male,Both,1176.9,74.1,1,22,1047.3,1
P04,23,Male,Both,1186.1,75.8,2,23,1124.0,0
P04,23,Male,Both,1174.7,68.3,1,24,1096.9,1
P04,23,Male,Both,1108.8,69.1,1,25,995.7,0
P05,23,Male,Baseline,444.0,35.7,2,1,706.0,0
P05,23,Male,Baseline,427.6,29.8,1,2,601.8,1
P05,23,Male,Baseline,464.6,40.6,1,3,610.1,1
P05,23,Male,Baseline,506.9,39.9,1,4,559.0,1
P05,23,Male,Baseline,521.7,39.6,2,5,694.0,1
P05,23,Male,Baseline,536.5,42.1,2,6,675.2,1
P05,23,Male,Baseline,471.6,40.7,1,7,612.4,1
P05,23,Male,Baseline,457.5,35.5,2,8,595.1,0
P05,23,Male,Baseline,406.9,40.9,2,9,745.3,1
P05,23,Male,Baseline,509.0,43.7,1,10,575.5,1
P05,23,Male,Baseline,399.7,39.1,1,11,620.2,1
P05,23,Male,Baseline,501.7,42.1,2,12,618.7,1
P05,23,Male,Baseline,393.8,36.9,2,13,586.1,1
P05,23,Male,Baseline,462.0,33.7,1,14,573.6,1
P05,23,Male,Baseline,504.1,37.5,1,15,539.8,1
P05,23,Male,Baseline,485.9,36.1,2,16,688.3,0
P05,23,Male,Baseline,500.4,40.2,1,17,670.3,1
P05,23,Male,Baseline,455.4,42.1,2,18,649.5,1
P05,23,Male,Baseline,436.3,42.1,1,19,671.3,1
P05,23,Male,Baseline,432.3,35.7,2,20,614.3,1
P05,23,Male,Baseline,509.3,31.1,2,21,619.8,1
P05,23,Male,Baseline,426.0,44.4,1,22,610.3,1
P05,23,Male,Baseline,452.9,34.8,1,23,615.4,1
P05,23,Male,Baseline,392.8,36.5,2,24,579.0,1
P05,23,Male,Baseline,443.6,34.5,1,25,615.2,1
P05,23,Male,Light,922.4,35.4,1,1,749.7,0
P05,23,Male,Light,1190.8,33.2,1,2,945.3,0
P05,23,Male,Light,1036.0,36.9,2,3,873.2,1
P05,23,Male,Light,1148.5,39.0,1,4,909.8,1
P05,23,Male,Light,1076.4,36.8,1,5,869.2,1
P05,23,Male,Light,966.0,41.1,2,6,843.8,1
P05,23,Male,Light,1148.9,38.7,1,7,904.8,1
P05,23,Male,Light,1074.8,34.9,1,8,874.6,1
P05,23,Male,Light,1019.4,32.6,1,9,837.3,0
P05,23,Male,Light,1123.2,41.9,1,10,932.8,0
P05,23,Male,Light,1090.8,35.9,2,11,1062.3,1
P05,23,Male,Light,1033.4,39.7,2,12,812.2,0
P05,23,Male,Light,1090.6,33.6,1,13,946.8,1
P05,23,Male,Light,973.5,45.1,1,14,782.2,0
P05,23,Male,Light,1115.9,37.9,1,15,870.8,1
P05,23,Male,Light,1147.7,38.1,2,16,1006.9,1
P05,23,Male,Light,966.7,32.1,2,17,870.1,0
P05,23,Male,Light,1120.5,36.1,2,18,946.3,1
P05,23,Male,Light,1060.3,38.5,2,19,957.7,1
P05,23,Male,Light,1199.7,34.0,1,20,1049.0,1
P05,23,Male,Light,1291.6,34.9,1,21,1032.7,0
P05,23,Male,Light,1166.0,40.0,1,22,900.9,1
P05,23,Male,Light,977.5,42.6,2,23,1008.0,1
P05,23,Male,Light,1105.4,40.3,2,24,862.6,1
P05,23,Male,Light,990.7,32.2,2,25,957.0,1
P05,23,Male,Noise,495.2,66.5,2,1,783.4,1
P05,23,Male,Noise,501.2,67.0,1,2,654.0,1
P05,23,Male,Noise,400.9,66.7,2,3,708.6,1
P05,23,Male,Noise,478.6,68.3,1,4,560.2,1
P05,23,Male,Noise,496.3,69.9,1,5,693.6,0
P05,23,Male,Noise,511.1,67.5,1,6,651.4,1
P05,23,Male,Noise,498.7,69.0,2,7,750.0,1
P05,23,Male,Noise,483.8,71.9,2,8,801.7,0
P05,23,Male,Noise,407.7,75.7,1,9,620.0,1
P05,23,Male,Noise,510.9,66.6,2,10,708.1,1
P05,23,Male,Noise,438.1,64.0,2,11,752.3,1
P05,23,Male,Noise,516.4,69.0,1,12,712.9,1
P05,23,Male,Noise,482.5,68.5,2,13,787.5,1
P05,23,Male,Noise,481.8,64.0,2,14,733.3,1
P05,23,Male,Noise,487.7,79.0,2,15,806.1,0
P05,23,Male,Noise,483.9,79.7,2,16,765.0,0
P05,23,Male,Noise,448.0,66.2,2,17,787.8,0
P05,23,Male,Noise,530.4,67.5,2,18,726.7,1
P05,23,Male,Noise,495.8,64.4,1,19,622.1,1
P05,23,Male,Noise,465.4,68.6,1,20,686.8,1
P05,23,Male,Noise,446.1,62.6,1,21,704.2,1
P05,23,Male,Noise,447.6,71.4,2,22,721.4,1
P05,23,Male,Noise,442.2,74.5,1,23,747.6,1
P05,23,Male,Noise,592.5,59.5,1,24,625.8,1
P05,23,Male,Noise,446.0,62.6,2,25,666.7,0
P05,23,Male,Both,1105.2,70.4,1,1,1030.0,1
P05,23,Male,Both,1062.7,78.6,2,2,949.2,0
P05,23,Male,Both,925.9,68.1,2,3,900.6,1
P05,23,Male,Both,1301.1,70.7,1,4,1174.3,1
P05,23,Male,Both,1103.7,68.9,1,5,895.6,1
P05,23,Male,Both,1101.4,66.9,1,6,959.6,0
P05,23,Male,Both,1109.1,71.0,1,7,1071.1,1
P05,23,Male,Both,1054.4,70.2,1,8,934.5,1
P05,23,Male,Both,1198.0,74.5,1,9,1215.6,1
P05,23,Male,Both,1101.4,68.1,1,10,959.9,0
P05,23,Male,Both,1109.3,64.2,2,11,1054.9,0
P05,23,Male,Both,990.0,69.2,1,12,935.4,0
P05,23,Male,Both,1127.7,70.4,2,13,1032.4,1
P05,23,Male,Both,1258.3,63.4,2,14,1210.2,0
P05,23,Male,Both,1009.7,66.5,1,15,979.2,1
P05,23,Male,Both,960.6,72.7,2,16,921.8,1
P05,23,Male,Both,1025.5,67.7,1,17,994.4,0
P05,23,Male,Both,1091.5,71.4,1,18,1059.5,1
P05,23,Male,Both,1133.2,69.2,1,19,1096.2,0
P05,23,Male,Both,862.3,64.1,1,20,792.6,1
P05,23,Male,Both,1178.9,71.0,1,21,1080.3,1
P05,23,Male,Both,1054.5,70.1,2,22,1061.2,1
P05,23,Male,Both,1112.7,52.7,1,23,890.3,1
P05,23,Male,Both,1045.3,58.1,2,24,978.4,0
P05,23,Male,Both,1127.7,70.3,2,25,1118.3,0
P06,28,Male,Baseline,571.1,41.9,2,1,671.8,1
P06,28,Male,Baseline,528.1,36.3,1,2,648.5,1
P06,28,Male,Baseline,582.9,35.0,1,3,573.1,1
P06,28,Male,Baseline,444.4,26.9,1,4,563.6,1
P06,28,Male,Baseline,460.3,45.7,1,5,660.5,1
P06,28,Male,Baseline,513.1,39.1,2,6,721.6,0
P06,28,Male,Baseline,499.8,39.5,2,7,669.1,1
P06,28,Male,Baseline,469.2,39.7,1,8,657.3,1
P06,28,Male,Baseline,480.5,28.5,1,9,466.2,1
P06,28,Male,Baseline,486.8,42.0,1,10,539.1,1
P06,28,Male,Baseline,490.4,37.9,1,11,593.9,0
P06,28,Male,Baseline,513.4,42.2,1,12,636.3,1
P06,28,Male,Baseline,472.4,29.8,2,13,695.6,0
P06,28,Male,Baseline,472.9,35.2,1,14,674.2,1
P06,28,Male,Baseline,506.1,40.5,2,15,662.5,1
P06,28,Male,Baseline,392.5,38.6,2,16,679.2,1
P06,28,Male,Baseline,542.9,44.3,2,17,634.9,1
P06,28,Male,Baseline,581.3,43.9,2,18,720.2,1
P06,28,Male,Baseline,444.7,41.2,2,19,643.3,1
P06,28,Male,Baseline,543.7,36.6,1,20,462.0,1
P06,28,Male,Baseline,452.0,38.2,1,21,582.0,1
P06,28,Male,Baseline,418.7,35.9,2,22,698.7,0
P06,28,Male,Baseline,415.6,40.7,1,23,599.6,0
P06,28,Male,Baseline,508.2,31.4,1,24,614.0,1
P06,28,Male,Baseline,433.6,36.2,1,25,565.7,1
P06,28,Male,Light,1055.4,41.9,1,1,845.4,0
P06,28,Male,Light,1013.4,31.4,1,2,775.2,0
P06,28,Male,Light,1046.4,34.4,1,3,909.9,1
P06,28,Male,Light,955.9,42.4,1,4,710.3,1
P06,28,Male,Light,1161.6,28.7,2,5,893.4,1
P06,28,Male,Light,1255.0,36.3,2,6,1164.6,1
P06,28,Male,Light,1042.3,37.9,1,7,922.3,1
P06,28,Male,Light,1202.8,33.9,2,8,1029.1,0
P06,28,Male,Light,1001.7,39.1,1,9,844.1,0
P06,28,Male,Light,1107.0,40.3,2,10,984.0,0
P06,28,Male,Light,1360.4,36.5,2,11,1216.2,0
P06,28,Male,Light,1181.9,35.9,2,12,1051.6,0
P06,28,Male,Light,1058.9,38.4,1,13,895.1,1
P06,28,Male,Light,915.8,30.3,2,14,717.1,1
P06,28,Male,Light,981.1,35.2,1,15,734.2,1
P06,28,Male,Light,1232.3,40.6,2,16,1055.8,1
P06,28,Male,Light,1132.8,40.3,2,17,923.2,1
P06,28,Male,Light,896.8,38.8,2,18,764.0,0
P06,28,Male,Light,1011.9,38.9,2,19,861.6,1
P06,28,Male,Light,1088.6,38.4,1,20,947.5,1
P06,28,Male,Light,1123.0,38.0,1,21,950.5,1
P06,28,Male,Light,1176.6,35.0,2,22,1143.6,1
P06,28,Male,Light,880.7,35.8,2,23,840.1,1
P06,28,Male,Light,1124.9,42.0,2,24,1036.4,1
P06,28,Male,Light,1252.2,39.4,1,25,1100.0,1
P06,28,Male,Noise,455.9,76.5,1,1,739.4,1
P06,28,Male,Noise,456.5,68.1,2,2,805.0,1
P06,28,Male,Noise,411.5,66.9,2,3,715.6,0
P06,28,Male,Noise,555.7,71.4,2,4,736.1,1
P06,28,Male,Noise,523.3,65.3,1,5,686.9,1
P06,28,Male,Noise,485.8,67.1,1,6,721.3,0
P06,28,Male,Noise,415.1,71.1,2,7,770.2,1
P06,28,Male,Noise,467.2,71.9,2,8,740.0,1
P06,28,Male,Noise,467.5,78.1,2,9,792.2,1
P06,28,Male,Noise,475.7,65.8,1,10,547.3,1
P06,28,Male,Noise,464.8,57.5,1,11,712.9,1
P06,28,Male,Noise,494.4,68.2,1,12,744.2,1
P06,28,Male,Noise,525.3,63.3,1,13,679.1,1
P06,28,Male,Noise,498.8,79.4,1,14,746.5,1
P06,28,Male,Noise,487.3,67.6,2,15,686.1,1
P06,28,Male,Noise,530.7,74.9,2,16,702.9,1
P06,28,Male,Noise,476.5,69.7,1,17,734.4,0
P06,28,Male,Noise,536.4,69.5,2,18,774.7,0
P06,28,Male,Noise,566.3,70.3,1,19,597.8,1
P06,28,Male,Noise,529.5,69.4,2,20,635.5,1
P06,28,Male,Noise,458.2,75.1,2,21,773.0,1
P06,28,Male,Noise,444.1,63.0,1,22,650.6,1
P06,28,Male,Noise,426.8,59.7,1,23,618.8,1
P06,28,Male,Noise,405.7,64.6,2,24,732.3,1
P06,28,Male,Noise,449.2,76.3,1,25,671.6,0
P06,28,Male,Both,1121.1,65.2,1,1,979.2,0
P06,28,Male,Both,1246.6,63.9,1,2,1125.9,0
P06,28,Male,Both,1094.4,68.0,1,3,1035.4,0
P06,28,Male,Both,1168.8,74.0,2,4,1117.7,0
P06,28,Male,Both,1041.5,70.9,1,5,931.1,0
P06,28,Male,Both,1004.3,75.2,2,6,1070.7,1
P06,28,Male,Both,1129.1,80.0,2,7,1052.6,1
P06,28,Male,Both,1116.3,74.4,2,8,1078.1,0
P06,28,Male,Both,1126.8,63.2,1,9,981.3,0
P06,28,Male,Both,999.2,64.5,1,10,802.6,0
P06,28,Male,Both,1111.9,66.0,1,11,972.3,1
P06,28,Male,Both,1034.4,71.5,1,12,910.3,1
P06,28,Male,Both,1076.0,69.8,1,13,1053.9,1
P06,28,Male,Both,922.7,70.3,2,14,895.2,1
P06,28,Male,Both,1031.0,60.6,1,15,904.4,1
P06,28,Male,Both,1076.0,74.4,1,16,915.3,1
P06,28,Male,Both,1093.7,66.2,2,17,1110.8,1
P06,28,Male,Both,1149.5,68.7,1,18,991.5,1
P06,28,Male,Both,988.8,72.2,2,19,1030.5,1
P06,28,Male,Both,1082.4,70.0,2,20,1055.1,0
P06,28,Male,Both,1094.9,71.5,2,21,1052.1,1
P06,28,Male,Both,1085.9,68.3,1,22,986.0,1
P06,28,Male,Both,991.4,68.9,1,23,969.1,1
P06,28,Male,Both,1118.0,65.1,2,24,1008.0,1
P06,28,Male,Both,1284.1,61.7,2,25,1168.5,0
P07,19,Female,Baseline,549.1,36.2,2,1,550.4,1
P07,19,Female,Baseline,470.6,47.8,2,2,658.4,1
P07,19,Female,Baseline,505.9,34.7,1,3,568.0,1
P07,19,Female,Baseline,521.8,36.1,1,4,503.7,1
P07,19,Female,Baseline,437.9,39.6,1,5,427.1,1
P07,19,Female,Baseline,523.2,33.2,1,6,549.2,1
P07,19,Female,Baseline,510.0,41.5,2,7,485.4,1
P07,19,Female,Baseline,515.6,35.8,2,8,536.9,1
P07,19,Female,Baseline,550.1,41.3,2,9,630.7,1
P07,19,Female,Baseline,470.2,37.3,1,10,493.3,1
P07,19,Female,Baseline,502.2,36.1,1,11,461.1,1
P07,19,Female,Baseline,453.6,40.0,1,12,577.6,1
P07,19,Female,Baseline,483.8,38.0,2,13,546.4,1
P07,19,Female,Baseline,539.2,37.6,1,14,476.5,1
P07,19,Female,Baseline,524.0,40.7,2,15,565.4,1
P07,19,Female,Baseline,454.3,37.0,1,16,574.7,1
P07,19,Female,Baseline,440.7,34.6,1,17,618.0,1
P07,19,Female,Baseline,491.1,32.5,1,18,486.0,1
P07,19,Female,Baseline,463.2,35.9,2,19,553.1,1
P07,19,Female,Baseline,511.2,41.0,1,20,568.5,1
P07,19,Female,Baseline,492.0,40.7,1,21,523.2,1
P07,19,Female,Baseline,553.7,45.7,1,22,436.5,0
P07,19,Female,Baseline,443.4,41.9,1,23,471.7,1
P07,19,Female,Baseline,475.7,40.2,1,24,537.6,0
P07,19,Female,Baseline,483.0,37.3,1,25,557.2,0
P07,19,Female,Light,1033.5,33.8,2,1,767.2,1
P07,19,Female,Light,1178.6,41.9,1,2,958.4,0
P07,19,Female,Light,1124.3,34.7,1,3,910.4,1
P07,19,Female,Light,1112.6,36.6,2,4,791.9,1
P07,19,Female,Light,1021.7,50.2,1,5,689.4,1
P07,19,Female,Light,1151.0,44.1,2,6,944.2,1
P07,19,Female,Light,1032.2,33.7,2,7,696.7,1
P07,19,Female,Light,875.7,32.7,1,8,582.1,1
P07,19,Female,Light,1130.6,41.6,2,9,934.9,0
P07,19,Female,Light,1099.8,39.2,1,10,811.7,0
P07,19,Female,Light,1066.8,34.7,2,11,856.8,1
P07,19,Female,Light,1033.7,35.4,2,12,859.0,1
P07,19,Female,Light,1013.7,41.2,1,13,698.2,1
P07,19,Female,Light,1202.1,35.9,1,14,915.1,0
P07,19,Female,Light,1102.0,33.2,2,15,898.9,1
P07,19,Female,Light,1288.8,38.0,1,16,1037.1,1
P07,19,Female,Light,1257.6,45.3,2,17,984.5,1
P07,19,Female,Light,1027.8,38.9,1,18,708.3,0
P07,19,Female,Light,1189.9,41.2,2,19,977.4,1
P07,19,Female,Light,1068.8,35.0,2,20,905.7,0
P07,19,Female,Light,1024.5,27.0,2,21,705.5,1
P07,19,Female,Light,1059.9,35.0,2,22,903.6,0
P07,19,Female,Light,1070.7,37.5,1,23,796.9,1
P07,19,Female,Light,1142.2,40.9,2,24,850.1,1
P07,19,Female,Light,1070.5,27.9,2,25,728.4,1
P07,19,Female,Noise,501.2,68.6,1,1,700.5,1
P07,19,Female,Noise,478.9,69.5,1,2,557.0,1
P07,19,Female,Noise,416.0,75.0,1,3,734.4,1
P07,19,Female,Noise,521.1,67.7,2,4,650.7,0
P07,19,Female,Noise,484.8,69.6,1,5,525.4,1
P07,19,Female,Noise,475.0,64.9,2,6,770.5,0
P07,19,Female,Noise,541.8,67.0,1,7,520.1,1
P07,19,Female,Noise,536.9,69.1,2,8,747.4,1
P07,19,Female,Noise,535.3,71.2,1,9,604.9,1
P07,19,Female,Noise,460.6,64.2,1,10,517.8,1
P07,19,Female,Noise,512.8,66.3,2,11,689.3,1
P07,19,Female,Noise,418.1,66.7,2,12,633.1,1
P07,19,Female,Noise,522.4,66.6,1,13,723.8,1
P07,19,Female,Noise,463.2,68.6,1,14,656.4,1
P07,19,Female,Noise,454.8,73.3,2,15,567.2,0
P07,19,Female,Noise,540.0,70.0,2,16,626.6,1
P07,19,Female,Noise,480.5,71.7,1,17,567.7,1
P07,19,Female,Noise,476.0,70.9,1,18,544.2,1
P07,19,Female,Noise,523.7,70.4,1,19,605.7,1
P07,19,Female,Noise,477.1,74.3,1,20,618.5,1
P07,19,Female,Noise,460.3,69.0,2,21,694.6,1
P07,19,Female,Noise,515.6,75.1,1,22,683.6,1
P07,19,Female,Noise,443.9,67.6,2,23,603.0,1
P07,19,Female,Noise,461.0,64.6,2,24,637.1,1
P07,19,Female,Noise,488.0,80.4,2,25,693.0,1
P07,19,Female,Both,1125.6,70.2,1,1,1051.2,1
P07,19,Female,Both,1185.9,69.0,1,2,1039.2,0
P07,19,Female,Both,1014.3,68.0,2,3,793.9,1
P07,19,Female,Both,1204.8,65.7,1,4,1019.8,1
P07,19,Female,Both,1052.9,71.7,1,5,812.2,0
P07,19,Female,Both,1115.4,72.8,1,6,902.5,1
P07,19,Female,Both,1021.6,77.1,2,7,867.0,0
P07,19,Female,Both,1034.4,78.1,2,8,888.1,1
P07,19,Female,Both,1178.1,73.3,2,9,1063.4,1
P07,19,Female,Both,1175.8,68.7,2,10,1004.6,1
P07,19,Female,Both,1221.5,76.1,1,11,1109.8,1
P07,19,Female,Both,1174.9,64.7,2,12,990.1,0
P07,19,Female,Both,1133.4,68.9,1,13,985.3,1
P07,19,Female,Both,1124.3,70.8,2,14,1028.2,0
P07,19,Female,Both,1137.0,71.3,2,15,984.0,1
P07,19,Female,Both,1037.6,65.4,2,16,976.8,1
P07,19,Female,Both,1153.7,77.9,1,17,991.8,0
P07,19,Female,Both,1020.8,66.9,2,18,877.5,1
P07,19,Female,Both,1183.6,67.4,1,19,1096.5,1
P07,19,Female,Both,1127.0,63.5,1,20,918.8,1
P07,19,Female,Both,1022.4,81.4,1,21,878.7,1
P07,19,Female,Both,1030.2,67.7,1,22,883.3,1
P07,19,Female,Both,1035.5,69.7,2,23,876.6,0
P07,19,Female,Both,1008.2,62.1,2,24,913.7,0
P07,19,Female,Both,1103.9,71.9,2,25,899.1,1
P08,26,Female,Baseline,487.1,40.5,2,1,570.4,1
P08,26,Female,Baseline,451.5,40.3,1,2,605.0,1
P08,26,Female,Baseline,440.8,35.1,1,3,493.6,1
P08,26,Female,Baseline,447.1,38.3,1,4,503.6,1
P08,26,Female,Baseline,522.3,32.8,1,5,623.7,1
P08,26,Female,Baseline,457.1,42.7,2,6,612.2,1
P08,26,Female,Baseline,497.2,36.6,1,7,585.8,1
P08,26,Female,Baseline,458.1,38.2,1,8,566.8,1
P08,26,Female,Baseline,439.0,42.1,1,9,499.9,1
P08,26,Female,Baseline,569.4,42.0,1,10,652.3,1
P08,26,Female,Baseline,413.5,30.6,1,11,544.0,1
P08,26,Female,Baseline,477.5,40.5,1,12,491.6,1
P08,26,Female,Baseline,540.4,33.7,1,13,546.4,1
P08,26,Female,Baseline,523.9,41.0,2,14,682.8,1
P08,26,Female,Baseline,524.5,34.6,2,15,647.6,1
P08,26,Female,Baseline,493.5,34.6,1,16,499.3,1
P08,26,Female,Baseline,487.4,42.6,2,17,557.0,0
P08,26,Female,Baseline,465.2,39.4,2,18,600.1,1
P08,26,Female,Baseline,444.9,36.7,2,19,577.7,1
P08,26,Female,Baseline,544.5,36.0,2,20,659.2,1
P08,26,Female,Baseline,478.4,36.7,2,21,696.4,1
P08,26,Female,Baseline,472.9,36.5,2,22,532.3,1
P08,26,Female,Baseline,518.4,29.6,1,23,556.0,1
P08,26,Female,Baseline,510.7,35.8,1,24,650.2,1
P08,26,Female,Baseline,520.4,32.6,1,25,556.9,1
P08,26,Female,Light,1078.3,39.1,1,1,804.8,0
P08,26,Female,Light,1041.7,40.5,1,2,796.5,1
P08,26,Female,Light,1115.2,40.2,1,3,981.9,0
P08,26,Female,Light,1197.6,50.4,1,4,1001.0,1
P08,26,Female,Light,999.1,36.2,2,5,798.4,1
P08,26,Female,Light,1082.6,38.6,1,6,886.5,1
P08,26,Female,Light,1033.0,42.5,2,7,898.0,1
P08,26,Female,Light,1068.7,38.7,2,8,937.5,1
P08,26,Female,Light,1158.5,38.3,1,9,879.2,1
P08,26,Female,Light,1101.9,37.9,2,10,897.9,1
P08,26,Female,Light,1071.9,37.0,1,11,859.0,1
P08,26,Female,Light,937.2,36.6,2,12,876.9,0
P08,26,Female,Light,953.2,37.1,1,13,750.1,1
P08,26,Female,Light,1153.9,34.3,2,14,997.5,0
P08,26,Female,Light,1019.4,36.6,2,15,700.1,1
P08,26,Female,Light,1226.0,35.9,2,16,1064.3,1
P08,26,Female,Light,874.1,38.9,1,17,635.0,1
P08,26,Female,Light,971.8,38.1,1,18,769.5,1
P08,26,Female,Light,1074.5,31.9,1,19,758.1,1
P08,26,Female,Light,1099.2,35.6,1,20,847.8,0
P08,26,Female,Light,1072.2,38.9,2,21,916.3,1
P08,26,Female,Light,1033.1,37.7,1,22,803.2,0
P08,26,Female,Light,945.1,36.0,1,23,677.1,0
P08,26,Female,Light,1020.4,33.8,2,24,888.1,1
P08,26,Female,Light,1074.0,30.6,2,25,875.3,0
P08,26,Female,Noise,513.0,64.4,1,1,549.3,1
P08,26,Female,Noise,508.4,76.4,2,2,762.1,1
P08,26,Female,Noise,418.2,67.8,2,3,599.6,1
P08,26,Female,Noise,465.7,62.5,2,4,692.0,1
P08,26,Female,Noise,517.8,68.7,2,5,710.5,1
P08,26,Female,Noise,522.6,63.1,2,6,846.1,1
P08,26,Female,Noise,495.2,70.6,2,7,761.4,0
P08,26,Female,Noise,536.1,66.3,2,8,710.2,1
P08,26,Female,Noise,501.0,64.7,2,9,682.8,0
P08,26,Female,Noise,559.3,68.2,2,10,717.6,1
P08,26,Female,Noise,524.2,66.4,1,11,699.6,1
P08,26,Female,Noise,478.5,60.1,2,12,723.1,1
P08,26,Female,Noise,508.8,75.3,2,13,750.9,1
P08,26,Female,Noise,470.9,71.9,2,14,732.6,1
P08,26,Female,Noise,427.4,61.1,1,15,747.0,1
P08,26,Female,Noise,404.2,75.1,1,16,737.7,1
P08,26,Female,Noise,467.9,73.5,1,17,602.6,0
P08,26,Female,Noise,394.5,66.9,2,18,782.8,1
P08,26,Female,Noise,460.0,72.4,1,19,744.7,0
P08,26,Female,Noise,523.3,71.7,2,20,744.3,1
P08,26,Female,Noise,470.5,61.9,2,21,681.0,1
P08,26,Female,Noise,537.6,67.8,1,22,713.2,1
P08,26,Female,Noise,470.7,71.0,2,23,802.0,0
P08,26,Female,Noise,432.4,68.8,1,24,756.0,1
P08,26,Female,Noise,497.9,70.7,1,25,697.1,1
P08,26,Female,Both,1037.4,73.4,1,1,939.5,1
P08,26,Female,Both,1144.6,67.7,1,2,1038.2,0
P08,26,Female,Both,1104.0,66.4,2,3,930.4,1
P08,26,Female,Both,1256.8,69.9,1,4,1052.1,0
P08,26,Female,Both,1256.1,67.1,1,5,1198.4,1
P08,26,Female,Both,1147.1,61.3,2,6,1026.2,1
P08,26,Female,Both,1018.6,68.9,2,7,971.2,0
P08,26,Female,Both,1140.5,66.7,1,8,1086.0,0
P08,26,Female,Both,1023.9,70.8,1,9,863.5,1
P08,26,Female,Both,1203.4,59.5,1,10,1027.5,1
P08,26,Female,Both,1141.0,70.9,2,11,1029.4,1
P08,26,Female,Both,1111.3,61.7,1,12,1029.6,0
P08,26,Female,Both,1171.7,62.0,1,13,1044.4,1
P08,26,Female,Both,1172.6,71.9,2,14,1109.5,1
P08,26,Female,Both,910.2,69.7,1,15,829.2,1
P08,26,Female,Both,966.2,71.2,1,16,868.5,1
P08,26,Female,Both,1130.9,78.2,1,17,977.3,1
P08,26,Female,Both,1020.0,65.3,2,18,1021.1,1
P08,26,Female,Both,1144.8,66.1,2,19,1204.0,1
P08,26,Female,Both,1042.9,59.1,1,20,939.4,1
P08,26,Female,Both,961.0,75.3,1,21,881.5,1
P08,26,Female,Both,935.2,75.3,2,22,917.7,1
P08,26,Female,Both,1023.5,65.1,2,23,926.8,1
P08,26,Female,Both,1113.3,58.7,1,24,1017.8,1
P08,26,Female,Both,1134.8,66.7,2,25,1080.2,1
P09,20,Female,Baseline,444.7,42.2,1,1,671.3,1
P09,20,Female,Baseline,443.0,42.9,2,2,655.5,1
P09,20,Female,Baseline,527.6,35.4,1,3,550.0,1
P09,20,Female,Baseline,469.5,43.3,2,4,633.2,0
P09,20,Female,Baseline,417.8,44.7,1,5,529.8,0
P09,20,Female,Baseline,420.9,43.7,2,6,604.0,0
P09,20,Female,Baseline,482.1,43.7,2,7,668.4,1
P09,20,Female,Baseline,504.9,39.4,2,8,609.0,1
P09,20,Female,Baseline,443.7,38.0,2,9,647.1,1
P09,20,Female,Baseline,492.6,37.3,2,10,536.0,1
P09,20,Female,Baseline,436.0,31.1,1,11,593.7,0
P09,20,Female,Baseline,502.7,30.3,1,12,489.4,1
P09,20,Female,Baseline,438.1,40.4,1,13,572.2,1
P09,20,Female,Baseline,502.5,38.5,2,14,600.8,0
P09,20,Female,Baseline,490.7,33.1,1,15,710.5,1
P09,20,Female,Baseline,508.7,37.7,2,16,520.0,1
P09,20,Female,Baseline,531.3,34.8,1,17,558.9,0
P09,20,Female,Baseline,430.9,37.8,1,18,522.6,1
P09,20,Female,Baseline,448.8,40.1,1,19,560.7,1
P09,20,Female,Baseline,474.3,36.9,1,20,595.4,1
P09,20,Female,Baseline,474.1,38.3,1,21,522.8,1
P09,20,Female,Baseline,497.8,39.8,1,22,585.7,1
P09,20,Female,Baseline,507.9,41.7,2,23,625.3,1
P09,20,Female,Baseline,489.1,40.5,2,24,647.0,1
P09,20,Female,Baseline,450.6,40.8,2,25,613.3,1
P09,20,Female,Light,1055.4,36.0,2,1,949.3,1
P09,20,Female,Light,1052.6,31.7,2,2,768.5,1
P09,20,Female,Light,1380.0,36.5,2,3,1146.6,1
P09,20,Female,Light,1027.3,43.2,2,4,807.1,1
P09,20,Female,Light,1175.8,37.1,1,5,898.0,1
P09,20,Female,Light,1085.5,32.9,2,6,796.6,1
P09,20,Female,Light,1175.9,39.2,2,7,1019.2,1
P09,20,Female,Light,1217.0,41.7,1,8,1024.1,1
P09,20,Female,Light,1056.1,32.6,2,9,892.9,1
P09,20,Female,Light,1209.0,34.3,2,10,1050.5,1
P09,20,Female,Light,911.4,39.5,1,11,597.1,1
P09,20,Female,Light,1235.2,45.3,2,12,1039.5,1
P09,20,Female,Light,1278.1,36.0,2,13,1083.0,0
P09,20,Female,Light,1062.5,40.9,2,14,869.1,0
P09,20,Female,Light,994.5,41.4,1,15,758.8,1
P09,20,Female,Light,1025.1,37.1,2,16,901.3,1
P09,20,Female,Light,1016.8,38.6,2,17,835.4,1
P09,20,Female,Light,1126.8,36.8,2,18,928.6,1
P09,20,Female,Light,1057.6,35.1,2,19,873.7,1
P09,20,Female,Light,1256.0,36.8,1,20,1094.0,1
P09,20,Female,Light,1078.9,36.7,1,21,823.7,1
P09,20,Female,Light,1123.1,38.9,1,22,827.6,1
P09,20,Female,Light,1082.2,34.9,1,23,920.7,1
P09,20,Female,Light,1157.8,37.4,1,24,908.3,1
P09,20,Female,Light,1091.2,39.2,2,25,1013.4,1
P09,20,Female,Noise,386.6,67.5,1,1,694.4,1
P09,20,Female,Noise,503.6,64.3,1,2,551.3,1
P09,20,Female,Noise,483.7,58.6,2,3,667.3,1
P09,20,Female,Noise,495.8,61.9,1,4,657.9,1
P09,20,Female,Noise,545.7,59.4,1,5,635.1,1
P09,20,Female,Noise,492.6,70.8,2,6,712.0,1
P09,20,Female,Noise,460.4,61.9,1,7,643.8,1
P09,20,Female,Noise,492.8,61.5,1,8,635.9,1
P09,20,Female,Noise,536.3,69.6,2,9,668.1,1
P09,20,Female,Noise,440.8,65.9,1,10,624.7,1
P09,20,Female,Noise,431.4,60.9,1,11,565.0,1
P09,20,Female,Noise,416.1,61.2,1,12,724.9,0
P09,20,Female,Noise,492.8,71.2,2,13,632.9,1
P09,20,Female,Noise,415.3,80.2,1,14,606.7,1
P09,20,Female,Noise,438.4,60.5,2,15,816.6,1
P09,20,Female,Noise,427.2,56.8,2,16,658.8,1
P09,20,Female,Noise,453.9,69.1,2,17,731.0,1
P09,20,Female,Noise,435.9,71.3,1,18,663.9,1
P09,20,Female,Noise,511.6,60.9,2,19,642.6,1
P09,20,Female,Noise,510.2,69.8,1,20,716.2,1
P09,20,Female,Noise,488.3,74.0,2,21,735.0,1
P09,20,Female,Noise,484.6,66.5,2,22,659.5,1
P09,20,Female,Noise,529.5,67.7,1,23,542.8,1
P09,20,Female,Noise,478.4,64.4,2,24,830.7,1
P09,20,Female,Noise,463.7,68.1,1,25,612.2,1
P09,20,Female,Both,1037.1,63.9,2,1,1011.4,0
P09,20,Female,Both,1151.7,65.7,1,2,951.3,0
P09,20,Female,Both,995.6,64.9,1,3,793.0,1
P09,20,Female,Both,1121.9,69.2,2,4,1001.7,1
P09,20,Female,Both,1131.3,66.7,2,5,1080.8,1
P09,20,Female,Both,1132.7,66.7,1,6,906.7,1
P09,20,Female,Both,1037.8,62.4,2,7,962.6,0
P09,20,Female,Both,1009.2,69.4,2,8,922.9,1
P09,20,Female,Both,1160.2,64.6,2,9,1120.3,0
P09,20,Female,Both,1035.0,61.7,1,10,924.8,1
P09,20,Female,Both,1323.9,75.1,1,11,1220.2,1
P09,20,Female,Both,1147.0,63.8,1,12,1009.8,1
P09,20,Female,Both,1168.7,76.6,1,13,1067.6,1
P09,20,Female,Both,1250.9,72.8,2,14,1199.2,0
P09,20,Female,Both,1136.2,61.2,2,15,946.7,1
P09,20,Female,Both,1003.5,64.8,2,16,914.4,1
P09,20,Female,Both,977.6,65.7,2,17,939.4,1
P09,20,Female,Both,1027.5,68.8,2,18,957.8,1
P09,20,Female,Both,1082.6,68.5,2,19,998.8,1
P09,20,Female,Both,955.7,63.2,1,20,814.7,1
P09,20,Female,Both,1082.3,68.3,2,21,1056.3,1
P09,20,Female,Both,1139.9,65.3,2,22,1074.5,1
P09,20,Female,Both,1061.3,72.3,1,23,982.7,1
P09,20,Female,Both,1090.2,69.2,1,24,924.0,1
P09,20,Female,Both,1118.1,70.1,1,25,945.1,1
P10,19,Male,Baseline,476.2,29.1,2,1,615.5,1
P10,19,Male,Baseline,536.6,33.1,1,2,520.0,0
P10,19,Male,Baseline,460.8,36.4,1,3,627.1,0
P10,19,Male,Baseline,483.1,36.5,2,4,682.2,1
P10,19,Male,Baseline,447.3,31.1,1,5,609.9,1
P10,19,Male,Baseline,482.5,34.9,2,6,561.8,1
P10,19,Male,Baseline,409.4,40.2,2,7,657.9,1
P10,19,Male,Baseline,502.6,38.7,2,8,585.1,1
P10,19,Male,Baseline,465.9,41.1,2,9,699.7,1
P10,19,Male,Baseline,481.2,40.2,1,10,600.1,1
P10,19,Male,Baseline,501.9,34.8,1,11,631.7,1
P10,19,Male,Baseline,451.7,35.1,1,12,536.7,1
P10,19,Male,Baseline,440.0,39.4,1,13,568.9,1
P10,19,Male,Baseline,467.8,37.1,1,14,518.6,1
P10,19,Male,Baseline,449.3,39.4,1,15,516.3,1
P10,19,Male,Baseline,535.3,38.8,1,16,518.2,1
P10,19,Male,Baseline,474.2,51.8,2,17,636.8,1
P10,19,Male,Baseline,406.4,38.4,2,18,750.6,1
P10,19,Male,Baseline,410.7,36.4,2,19,661.6,1
P10,19,Male,Baseline,452.6,35.8,1,20,596.8,1
P10,19,Male,Baseline,522.1,39.8,2,21,563.1,1
P10,19,Male,Baseline,426.2,37.1,1,22,597.4,1
P10,19,Male,Baseline,439.0,37.6,1,23,638.3,1
P10,19,Male,Baseline,482.9,35.0,1,24,518.9,1
P10,19,Male,Baseline,496.4,39.3,2,25,594.9,1
P10,19,Male,Light,1107.9,32.3,2,1,1048.9,1
P10,19,Male,Light,1138.4,39.6,2,2,910.4,0
P10,19,Male,Light,1200.3,41.3,2,3,1049.0,1
P10,19,Male,Light,1227.8,34.6,1,4,899.1,1
P10,19,Male,Light,1131.8,34.8,1,5,776.1,1
P10,19,Male,Light,1312.0,43.6,2,6,1154.7,1
P10,19,Male,Light,1212.2,36.6,1,7,975.0,1
P10,19,Male,Light,1155.4,37.5,2,8,974.4,1
P10,19,Male,Light,1221.0,39.9,2,9,1138.9,1
P10,19,Male,Light,1262.3,40.2,1,10,968.4,1
P10,19,Male,Light,1141.9,39.6,2,11,1066.6,0
P10,19,Male,Light,1190.5,42.6,2,12,958.9,1
P10,19,Male,Light,1222.9,40.4,2,13,1060.3,1
P10,19,Male,Light,1092.1,40.6,2,14,865.3,1
P10,19,Male,Light,1024.8,38.9,1,15,791.0,1
P10,19,Male,Light,1150.1,35.5,2,16,956.1,1
P10,19,Male,Light,1148.2,30.7,1,17,866.0,1
P10,19,Male,Light,926.3,42.5,2,18,759.0,1
P10,19,Male,Light,1211.9,36.1,1,19,1027.7,1
P10,19,Male,Light,1052.2,34.8,1,20,882.8,1
P10,19,Male,Light,972.9,33.7,1,21,776.3,1
P10,19,Male,Light,1139.4,36.5,1,22,890.2,1
P10,19,Male,Light,1004.2,43.6,1,23,640.6,0
P10,19,Male,Light,1053.6,36.4,2,24,843.4,1
P10,19,Male,Light,1087.0,39.7,2,25,889.4,1
P10,19,Male,Noise,445.4,74.4,1,1,693.8,1
P10,19,Male,Noise,453.6,76.4,2,2,725.5,1
P10,19,Male,Noise,523.8,64.4,2,3,693.8,0
P10,19,Male,Noise,490.4,78.5,2,4,761.2,1
P10,19,Male,Noise,493.1,68.2,2,5,727.7,1
P10,19,Male,Noise,478.9,67.7,2,6,740.4,1
P10,19,Male,Noise,442.1,83.1,1,7,708.9,1
P10,19,Male,Noise,484.7,63.3,2,8,667.9,1
P10,19,Male,Noise,498.9,70.8,1,9,760.0,1
P10,19,Male,Noise,541.1,73.1,1,10,700.6,1
P10,19,Male,Noise,486.1,65.6,1,11,628.4,1
P10,19,Male,Noise,524.9,67.6,2,12,683.2,1
P10,19,Male,Noise,494.3,63.5,2,13,718.2,1
P10,19,Male,Noise,472.0,62.3,2,14,697.5,1
P10,19,Male,Noise,438.9,64.2,2,15,682.5,1
P10,19,Male,Noise,558.2,69.8,1,16,680.7,1
P10,19,Male,Noise,456.1,57.1,2,17,701.8,1
P10,19,Male,Noise,474.5,71.7,1,18,582.3,1
P10,19,Male,Noise,434.5,76.9,2,19,628.3,1
P10,19,Male,Noise,474.7,65.6,2,20,635.0,0
P10,19,Male,Noise,492.5,70.4,1,21,704.3,1
P10,19,Male,Noise,468.7,71.1,1,22,578.7,1
P10,19,Male,Noise,487.3,74.4,2,23,689.2,0
P10,19,Male,Noise,490.0,68.3,1,24,633.7,1
P10,19,Male,Noise,429.3,67.8,1,25,624.1,1
P10,19,Male,Both,1091.8,74.4,1,1,942.3,1
P10,19,Male,Both,1094.5,59.5,2,2,975.4,1
P10,19,Male,Both,1024.8,67.2,1,3,840.2,1
P10,19,Male,Both,1131.1,69.8,2,4,1119.7,1
P10,19,Male,Both,957.8,64.5,2,5,831.9,1
P10,19,Male,Both,1117.1,61.0,2,6,930.3,1
P10,19,Male,Both,934.5,70.6,2,7,913.9,1
P10,19,Male,Both,1184.8,65.9,1,8,964.3,1
P10,19,Male,Both,1133.3,57.2,2,9,1015.1,0
P10,19,Male,Both,1110.1,62.6,1,10,954.6,1
P10,19,Male,Both,1100.7,64.2,2,11,996.8,0
P10,19,Male,Both,1140.6,70.9,2,12,1040.3,1
P10,19,Male,Both,1042.4,69.1,2,13,996.5,0
P10,19,Male,Both,1208.6,64.9,2,14,1157.6,0
P10,19,Male,Both,1068.5,80.1,2,15,993.7,1
P10,19,Male,Both,1025.0,76.9,2,16,952.6,1
P10,19,Male,Both,1125.8,65.4,1,17,1024.7,1
P10,19,Male,Both,1121.6,67.8,1,18,1000.4,0
P10,19,Male,Both,1035.9,76.5,2,19,941.6,1
P10,19,Male,Both,1068.0,76.8,2,20,989.1,1
P10,19,Male,Both,1132.3,61.1,1,21,950.8,0
P10,19,Male,Both,1124.0,65.5,2,22,1104.3,1
P10,19,Male,Both,1179.7,64.5,1,23,1127.8,1
P10,19,Male,Both,999.2,63.4,2,24,911.9,1
P10,19,Male,Both,1227.2,64.3,1,25,1098.6,1
P11,24,Female,Baseline,512.4,37.4,2,1,567.4,1
P11,24,Female,Baseline,511.4,33.8,2,2,681.1,1
P11,24,Female,Baseline,483.0,42.2,2,3,651.3,1
P11,24,Female,Baseline,451.8,43.7,1,4,656.5,1
P11,24,Female,Baseline,551.8,32.0,1,5,627.6,1
P11,24,Female,Baseline,492.0,33.6,1,6,643.9,1
P11,24,Female,Baseline,490.9,30.6,1,7,637.6,1
P11,24,Female,Baseline,372.2,43.0,2,8,687.7,1
P11,24,Female,Baseline,519.8,35.3,1,9,627.7,1
P11,24,Female,Baseline,544.9,39.4,2,10,695.3,1
P11,24,Female,Baseline,429.7,40.6,1,11,630.4,1
P11,24,Female,Baseline,500.0,38.5,1,12,440.5,1
P11,24,Female,Baseline,505.7,39.8,1,13,700.4,0
P11,24,Female,Baseline,426.2,39.2,2,14,699.1,0
P11,24,Female,Baseline,494.5,34.4,2,15,645.1,0
P11,24,Female,Baseline,465.9,41.2,1,16,621.0,1
P11,24,Female,Baseline,468.2,39.9,1,17,695.9,1
P11,24,Female,Baseline,461.7,41.4,2,18,759.3,1
P11,24,Female,Baseline,468.3,41.0,1,19,594.7,1
P11,24,Female,Baseline,527.2,45.6,2,20,717.7,1
P11,24,Female,Baseline,477.8,40.2,1,21,625.7,1
P11,24,Female,Baseline,531.9,33.4,2,22,652.5,1
P11,24,Female,Baseline,559.6,36.3,1,23,588.6,1
P11,24,Female,Baseline,367.5,34.0,1,24,781.0,1
P11,24,Female,Baseline,435.8,37.8,1,25,667.1,1
P11,24,Female,Light,1138.9,35.8,2,1,1032.7,1
P11,24,Female,Light,996.7,31.0,1,2,751.5,1
P11,24,Female,Light,1131.3,33.2,2,3,810.0,0
P11,24,Female,Light,1052.8,35.6,2,4,875.4,0
P11,24,Female,Light,1098.1,37.8,2,5,905.5,1
P11,24,Female,Light,1023.5,38.7,2,6,833.2,1
P11,24,Female,Light,1142.7,36.2,2,7,1004.9,1
P11,24,Female,Light,1013.2,38.3,2,8,825.8,1
P11,24,Female,Light,1064.1,40.3,1,9,824.1,0
P11,24,Female,Light,1188.6,43.2,1,10,1089.5,1
P11,24,Female,Light,843.9,36.2,2,11,794.2,1
P11,24,Female,Light,1127.5,43.3,2,12,1028.5,1
P11,24,Female,Light,990.5,44.5,1,13,808.1,1
P11,24,Female,Light,1037.9,35.4,1,14,771.5,1
P11,24,Female,Light,1080.5,35.6,1,15,941.8,1
P11,24,Female,Light,1126.5,35.0,2,16,1005.8,1
P11,24,Female,Light,1090.6,42.3,2,17,952.0,1
P11,24,Female,Light,1051.0,30.7,1,18,895.9,1
P11,24,Female,Light,1142.2,36.6,1,19,899.3,1
P11,24,Female,Light,1142.6,35.8,1,20,896.1,1
P11,24,Female,Light,1263.6,41.5,2,21,1121.7,1
P11,24,Female,Light,1115.5,27.0,2,22,975.7,1
P11,24,Female,Light,1124.7,42.5,1,23,910.6,1
P11,24,Female,Light,1132.5,36.7,1,24,920.7,1
P11,24,Female,Light,875.9,36.4,1,25,730.1,1
P11,24,Female,Noise,516.0,72.1,2,1,742.9,1
P11,24,Female,Noise,475.8,67.6,2,2,732.7,1
P11,24,Female,Noise,510.1,61.8,2,3,627.0,1
P11,24,Female,Noise,490.0,70.5,1,4,615.5,1
P11,24,Female,Noise,455.6,68.8,1,5,636.0,1
P11,24,Female,Noise,487.2,82.3,2,6,813.1,1
P11,24,Female,Noise,528.2,69.8,2,7,812.3,1
P11,24,Female,Noise,544.0,69.0,2,8,606.9,1
P11,24,Female,Noise,506.2,66.8,2,9,697.3,1
P11,24,Female,Noise,477.1,68.2,2,10,730.6,1
P11,24,Female,Noise,446.0,69.6,2,11,671.6,1
P11,24,Female,Noise,480.5,77.9,2,12,816.8,1
P11,24,Female,Noise,355.6,71.7,1,13,782.9,1
P11,24,Female,Noise,494.0,72.2,1,14,681.4,1
P11,24,Female,Noise,481.0,70.7,2,15,815.1,1
P11,24,Female,Noise,426.9,77.9,2,16,758.0,1
P11,24,Female,Noise,477.4,68.3,2,17,753.6,1
P11,24,Female,Noise,487.0,56.2,2,18,815.9,1
P11,24,Female,Noise,503.2,61.1,1,19,633.1,0
P11,24,Female,Noise,456.6,71.8,1,20,673.8,1
P11,24,Female,Noise,470.2,74.4,2,21,706.2,1
P11,24,Female,Noise,436.5,63.9,1,22,596.2,0
P11,24,Female,Noise,399.4,62.9,2,23,769.1,1
P11,24,Female,Noise,439.9,60.3,2,24,670.5,1
P11,24,Female,Noise,514.7,72.5,2,25,733.2,1
P11,24,Female,Both,1067.9,67.0,1,1,1074.9,1
P11,24,Female,Both,1076.5,74.1,2,2,1020.7,0
P11,24,Female,Both,1077.7,60.0,1,3,981.4,1
P11,24,Female,Both,1150.8,63.6,2,4,1044.4,0
P11,24,Female,Both,1315.3,68.5,2,5,1239.0,0
P11,24,Female,Both,964.8,62.0,1,6,838.8,1
P11,24,Female,Both,1157.8,70.6,1,7,1006.9,1
P11,24,Female,Both,1127.2,64.9,2,8,1100.6,0
P11,24,Female,Both,1122.6,76.0,1,9,1041.7,1
P11,24,Female,Both,1155.9,60.7,2,10,1046.5,1
P11,24,Female,Both,1091.0,71.1,2,11,1133.6,1
P11,24,Female,Both,1055.4,57.6,2,12,986.8,1
P11,24,Female,Both,1310.6,74.2,2,13,1366.2,0
P11,24,Female,Both,1048.7,67.5,2,14,1042.9,1
P11,24,Female,Both,991.2,74.0,2,15,996.4,1
P11,24,Female,Both,1094.9,69.4,1,16,986.8,1
P11,24,Female,Both,1118.7,61.4,1,17,923.4,1
P11,24,Female,Both,1219.6,69.6,2,18,1256.6,1
P11,24,Female,Both,1008.9,76.7,2,19,1046.1,1
P11,24,Female,Both,1033.2,69.3,2,20,1050.2,1
P11,24,Female,Both,1137.1,65.4,2,21,1081.4,0
P11,24,Female,Both,1083.9,77.4,1,22,1046.3,1
P11,24,Female,Both,1184.4,73.6,1,23,1070.5,1
P11,24,Female,Both,917.8,73.6,1,24,885.9,1
P11,24,Female,Both,1160.9,63.5,1,25,1019.9,1
P12,29,Female,Baseline,490.2,36.0,1,1,571.0,1
P12,29,Female,Baseline,435.6,36.7,1,2,586.6,1
P12,29,Female,Baseline,423.5,42.0,1,3,545.4,1
P12,29,Female,Baseline,485.9,40.2,2,4,687.9,1
P12,29,Female,Baseline,503.5,38.8,2,5,731.0,1
P12,29,Female,Baseline,496.8,39.6,2,6,642.2,1
P12,29,Female,Baseline,513.1,31.8,2,7,596.7,1
P12,29,Female,Baseline,497.1,42.3,2,8,609.3,1
P12,29,Female,Baseline,482.0,34.4,2,9,612.6,1
P12,29,Female,Baseline,497.1,38.9,1,10,481.9,1
P12,29,Female,Baseline,497.0,34.7,1,11,613.0,1
P12,29,Female,Baseline,423.5,44.7,1,12,594.6,1
P12,29,Female,Baseline,442.6,36.0,2,13,682.4,1
P12,29,Female,Baseline,523.7,36.4,2,14,574.9,0
P12,29,Female,Baseline,375.0,37.5,2,15,690.3,1
P12,29,Female,Baseline,526.5,41.3,1,16,642.4,1
P12,29,Female,Baseline,520.6,32.1,1,17,531.5,0
P12,29,Female,Baseline,435.0,38.0,1,18,532.3,1
P12,29,Female,Baseline,407.7,29.5,1,19,631.3,1
P12,29,Female,Baseline,479.9,42.1,2,20,658.8,1
P12,29,Female,Baseline,523.8,35.1,2,21,635.5,1
P12,29,Female,Baseline,464.4,38.3,1,22,579.5,1
P12,29,Female,Baseline,512.1,34.1,1,23,561.1,0
P12,29,Female,Baseline,395.2,41.6,1,24,549.4,1
P12,29,Female,Baseline,460.9,37.8,1,25,564.4,1
P12,29,Female,Light,1103.9,39.7,2,1,919.6,1
P12,29,Female,Light,1031.4,34.1,1,2,796.0,1
P12,29,Female,Light,1171.0,43.2,1,3,871.8,1
P12,29,Female,Light,956.4,46.1,2,4,822.8,1
P12,29,Female,Light,1099.9,40.0,2,5,900.4,1
P12,29,Female,Light,1331.2,34.2,2,6,1131.4,1
P12,29,Female,Light,1204.2,37.5,1,7,966.4,1
P12,29,Female,Light,1189.0,36.5,1,8,981.5,1
P12,29,Female,Light,1076.5,38.0,2,9,938.4,1
P12,29,Female,Light,1158.5,41.2,1,10,877.4,1
P12,29,Female,Light,1117.1,32.3,1,11,856.6,1
P12,29,Female,Light,1049.0,43.9,2,12,947.2,1
P12,29,Female,Light,1108.1,34.3,2,13,927.7,0
P12,29,Female,Light,963.3,35.8,2,14,826.3,1
P12,29,Female,Light,1041.9,39.9,1,15,797.3,1
P12,29,Female,Light,1051.5,42.3,2,16,882.6,1
P12,29,Female,Light,1023.9,38.0,2,17,781.5,0
P12,29,Female,Light,1091.7,38.2,2,18,950.7,1
P12,29,Female,Light,1035.3,40.0,2,19,829.7,0
P12,29,Female,Light,1094.7,32.1,2,20,928.1,1
P12,29,Female,Light,1030.1,30.4,1,21,740.4,1
P12,29,Female,Light,1323.2,40.9,2,22,1155.0,0
P12,29,Female,Light,1306.0,37.2,2,23,1273.3,1
P12,29,Female,Light,925.9,35.3,2,24,778.6,1
P12,29,Female,Light,1399.6,33.7,1,25,1238.5,1
P12,29,Female,Noise,479.9,68.6,2,1,712.6,1
P12,29,Female,Noise,493.1,70.9,1,2,732.8,1
P12,29,Female,Noise,482.9,62.1,1,3,613.4,1
P12,29,Female,Noise,460.9,63.3,1,4,565.8,1
P12,29,Female,Noise,470.6,60.7,1,5,600.2,1
P12,29,Female,Noise,495.2,71.7,1,6,630.3,1
P12,29,Female,Noise,501.5,64.4,2,7,761.4,1
P12,29,Female,Noise,504.1,72.6,1,8,556.2,1
P12,29,Female,Noise,495.7,73.1,1,9,669.7,1
P12,29,Female,Noise,494.7,66.4,2,10,752.2,1
P12,29,Female,Noise,458.3,78.2,1,11,674.6,1
P12,29,Female,Noise,493.4,64.3,2,12,688.1,0
P12,29,Female,Noise,452.0,71.9,1,13,725.4,1
P12,29,Female,Noise,609.7,73.3,2,14,758.3,1
P12,29,Female,Noise,476.1,75.1,1,15,759.6,1
P12,29,Female,Noise,429.8,70.4,1,16,597.7,1
P12,29,Female,Noise,489.6,70.6,1,17,690.7,0
P12,29,Female,Noise,440.6,67.5,1,18,572.8,1
P12,29,Female,Noise,509.6,64.2,1,19,703.2,1
P12,29,Female,Noise,503.6,64.7,1,20,542.8,1
P12,29,Female,Noise,461.2,65.8,1,21,566.1,1
P12,29,Female,Noise,440.2,72.5,2,22,752.3,1
P12,29,Female,Noise,442.2,64.2,2,23,804.4,1
P12,29,Female,Noise,444.1,69.7,2,24,860.3,1
P12,29,Female,Noise,538.5,64.3,1,25,681.2,1
P12,29,Female,Both,1023.4,64.0,1,1,928.8,1
P12,29,Female,Both,1251.2,77.0,2,2,1196.0,0
P12,29,Female,Both,1171.3,63.1,2,3,1017.2,0
P12,29,Female,Both,1082.3,67.9,1,4,983.8,0
P12,29,Female,Both,906.8,69.3,2,5,907.0,1
P12,29,Female,Both,1034.5,63.8,1,6,975.9,1
P12,29,Female,Both,1018.6,70.6,1,7,928.2,1
P12,29,Female,Both,1139.9,69.5,1,8,1067.2,1
P12,29,Female,Both,1179.6,72.5,1,9,1076.7,0
P12,29,Female,Both,1118.8,69.0,2,10,933.8,1
P12,29,Female,Both,1033.2,62.1,2,11,1021.0,1
P12,29,Female,Both,1097.0,65.2,1,12,1005.9,0
P12,29,Female,Both,1080.0,68.0,1,13,993.5,1
P12,29,Female,Both,1094.2,65.9,2,14,984.7,1
P12,29,Female,Both,1292.4,66.4,2,15,1250.6,1
P12,29,Female,Both,1045.0,77.1,1,16,1045.9,1
P12,29,Female,Both,1130.7,67.7,1,17,961.9,1
P12,29,Female,Both,1189.7,67.9,1,18,1136.4,1
P12,29,Female,Both,1074.9,73.0,2,19,1089.5,1
P12,29,Female,Both,1033.1,69.9,2,20,1038.0,0
P12,29,Female,Both,1073.6,63.3,1,21,913.7,1
P12,29,Female,Both,957.7,59.9,1,22,837.2,0
P12,29,Female,Both,1143.7,73.9,2,23,997.8,0
P12,29,Female,Both,1068.8,71.7,1,24,955.2,1
P12,29,Female,Both,1215.6,60.1,2,25,1127.5,0
P13,26,Female,Baseline,500.2,41.1,1,1,561.9,1
P13,26,Female,Baseline,534.4,31.4,2,2,686.6,1
P13,26,Female,Baseline,469.7,33.2,1,3,527.3,1
P13,26,Female,Baseline,478.4,40.9,1,4,559.0,1
P13,26,Female,Baseline,484.0,42.0,1,5,511.0,1
P13,26,Female,Baseline,436.5,42.1,1,6,545.9,1
P13,26,Female,Baseline,456.4,37.7,1,7,623.1,1
P13,26,Female,Baseline,426.8,40.9,1,8,596.9,0
P13,26,Female,Baseline,451.7,31.6,2,9,729.3,1
P13,26,Female,Baseline,472.0,34.5,2,10,754.0,0
P13,26,Female,Baseline,451.0,40.3,2,11,729.4,1
P13,26,Female,Baseline,516.0,40.2,1,12,589.3,1
P13,26,Female,Baseline,474.4,34.1,1,13,643.4,1
P13,26,Female,Baseline,494.9,41.7,1,14,582.8,0
P13,26,Female,Baseline,498.9,36.5,1,15,541.4,1
P13,26,Female,Baseline,505.4,41.5,1,16,546.1,1
P13,26,Female,Baseline,458.7,38.1,2,17,706.7,1
P13,26,Female,Baseline,556.4,35.2,1,18,549.9,1
P13,26,Female,Baseline,469.8,28.6,2,19,632.9,1
P13,26,Female,Baseline,494.1,35.6,1,20,635.2,1
P13,26,Female,Baseline,449.3,36.0,1,21,545.4,1
P13,26,Female,Baseline,483.0,34.2,1,22,575.9,1
P13,26,Female,Baseline,486.8,39.7,2,23,665.4,1
P13,26,Female,Baseline,532.2,31.8,2,24,631.9,1
P13,26,Female,Baseline,463.9,38.3,1,25,651.4,1
P13,26,Female,Light,1167.8,40.6,1,1,903.8,0
P13,26,Female,Light,1084.0,32.4,2,2,936.7,1
P13,26,Female,Light,1096.3,35.1,1,3,910.5,1
P13,26,Female,Light,1116.6,39.4,2,4,908.1,0
P13,26,Female,Light,1156.5,33.2,2,5,1005.8,0
P13,26,Female,Light,1160.2,33.2,1,6,1034.9,0
P13,26,Female,Light,1198.7,39.3,2,7,990.2,1
P13,26,Female,Light,1084.2,40.2,2,8,919.1,0
P13,26,Female,Light,1124.6,40.0,1,9,876.4,0
P13,26,Female,Light,1262.5,48.0,2,10,1059.4,1
P13,26,Female,Light,1150.9,43.4,2,11,929.6,0
P13,26,Female,Light,1119.6,41.5,2,12,879.0,1
P13,26,Female,Light,1212.5,37.7,2,13,1086.9,0
P13,26,Female,Light,1015.4,42.1,1,14,838.6,0
P13,26,Female,Light,994.5,35.8,1,15,804.1,1
P13,26,Female,Light,1178.3,37.3,2,16,1032.0,1
P13,26,Female,Light,1193.5,39.6,2,17,1071.0,1
P13,26,Female,Light,1081.2,35.1,2,18,913.4,0
P13,26,Female,Light,1234.2,40.5,2,19,1114.2,1
P13,26,Female,Light,973.9,37.1,2,20,855.0,1
P13,26,Female,Light,1192.1,35.2,2,21,1009.0,0
P13,26,Female,Light,1177.1,36.4,2,22,1025.1,0
P13,26,Female,Light,1147.3,48.1,1,23,961.1,1
P13,26,Female,Light,931.4,36.1,2,24,836.1,1
P13,26,Female,Light,1197.5,30.9,1,25,1032.0,1
P13,26,Female,Noise,400.2,75.6,2,1,818.0,0
P13,26,Female,Noise,386.0,70.2,2,2,813.9,1
P13,26,Female,Noise,503.4,65.9,1,3,703.9,0
P13,26,Female,Noise,525.2,58.1,2,4,616.0,1
P13,26,Female,Noise,416.3,68.2,2,5,662.0,1
P13,26,Female,Noise,504.0,65.3,2,6,715.8,1
P13,26,Female,Noise,466.7,68.0,2,7,757.3,1
P13,26,Female,Noise,469.4,69.4,2,8,796.9,1
P13,26,Female,Noise,492.7,67.1,1,9,702.2,1
P13,26,Female,Noise,495.4,68.1,2,10,721.0,1
P13,26,Female,Noise,459.7,59.8,1,11,663.1,1
P13,26,Female,Noise,458.7,77.5,2,12,752.1,1
P13,26,Female,Noise,440.3,59.3,1,13,727.0,1
P13,26,Female,Noise,444.2,77.1,1,14,694.5,1
P13,26,Female,Noise,537.5,71.3,2,15,766.6,1
P13,26,Female,Noise,455.5,58.8,1,16,634.8,1
P13,26,Female,Noise,504.0,68.1,2,17,754.3,1
P13,26,Female,Noise,497.2,68.8,1,18,641.1,1
P13,26,Female,Noise,354.7,69.9,2,19,683.3,1
P13,26,Female,Noise,479.7,65.7,2,20,792.5,1
P13,26,Female,Noise,486.1,72.0,2,21,932.8,1
P13,26,Female,Noise,487.8,59.4,1,22,624.7,1
P13,26,Female,Noise,426.6,57.2,1,23,727.0,1
P13,26,Female,Noise,466.6,58.7,1,24,678.9,1
P13,26,Female,Noise,408.7,73.7,1,25,775.0,1
P13,26,Female,Both,1165.4,70.6,1,1,1107.9,0
P13,26,Female,Both,949.9,64.3,1,2,867.8,0
P13,26,Female,Both,1211.7,73.7,1,3,1075.4,1
P13,26,Female,Both,1015.2,67.1,2,4,780.2,0
P13,26,Female,Both,1156.6,65.0,2,5,1199.8,1
P13,26,Female,Both,1113.3,65.6,2,6,1046.4,1
P13,26,Female,Both,1220.4,70.9,1,7,1122.8,0
P13,26,Female,Both,1353.8,69.6,2,8,1359.2,0
P13,26,Female,Both,1040.1,66.6,1,9,845.6,1
P13,26,Female,Both,1048.2,67.7,1,10,971.2,1
P13,26,Female,Both,1027.2,74.9,2,11,1071.2,0
P13,26,Female,Both,1055.7,73.6,2,12,1051.8,1
P13,26,Female,Both,1075.1,69.0,1,13,929.5,1
P13,26,Female,Both,1053.0,61.0,1,14,986.4,1
P13,26,Female,Both,1062.3,63.2,2,15,993.1,1
P13,26,Female,Both,998.9,77.5,2,16,1029.5,1
P13,26,Female,Both,1177.1,65.9,2,17,1141.0,1
P13,26,Female,Both,1143.8,69.7,1,18,971.5,1
P13,26,Female,Both,1079.6,58.5,2,19,1031.2,1
P13,26,Female,Both,1352.8,66.0,1,20,1222.2,0
P13,26,Female,Both,1120.2,63.9,1,21,992.8,0
P13,26,Female,Both,1192.6,64.1,2,22,1061.3,1
P13,26,Female,Both,1072.0,67.9,2,23,1058.0,0
P13,26,Female,Both,1173.3,72.8,2,24,1181.4,1
P13,26,Female,Both,1200.9,73.4,1,25,1158.7,0
P14,27,Male,Baseline,446.3,36.9,2,1,615.8,1
P14,27,Male,Baseline,532.6,42.8,2,2,682.4,1
P14,27,Male,Baseline,499.3,35.6,1,3,540.0,1
P14,27,Male,Baseline,498.4,46.1,1,4,570.0,1
P14,27,Male,Baseline,487.1,38.1,2,5,678.3,1
P14,27,Male,Baseline,454.1,43.1,1,6,623.0,0
P14,27,Male,Baseline,465.5,37.8,2,7,662.2,0
P14,27,Male,Baseline,494.7,45.9,2,8,671.4,1
P14,27,Male,Baseline,513.1,44.8,1,9,545.8,0
P14,27,Male,Baseline,481.0,37.1,1,10,592.0,1
P14,27,Male,Baseline,497.4,39.8,2,11,602.6,0
P14,27,Male,Baseline,457.9,37.4,1,12,570.1,1
P14,27,Male,Baseline,470.4,38.2,2,13,662.0,1
P14,27,Male,Baseline,545.0,38.8,1,14,595.7,1
P14,27,Male,Baseline,501.1,39.3,1,15,570.6,1
P14,27,Male,Baseline,468.2,37.0,2,16,718.4,0
P14,27,Male,Baseline,431.8,33.0,1,17,562.3,0
P14,27,Male,Baseline,503.7,38.7,1,18,594.0,1
P14,27,Male,Baseline,470.2,37.9,2,19,562.3,0
P14,27,Male,Baseline,510.6,39.0,1,20,599.8,1
P14,27,Male,Baseline,420.7,40.7,2,21,699.0,1
P14,27,Male,Baseline,513.7,34.4,1,22,625.1,1
P14,27,Male,Baseline,389.1,40.8,2,23,603.8,1
P14,27,Male,Baseline,471.7,38.5,1,24,519.0,1
P14,27,Male,Baseline,422.1,43.0,2,25,556.8,0
P14,27,Male,Light,1093.3,45.6,1,1,905.6,1
P14,27,Male,Light,1091.5,38.5,1,2,859.2,1
P14,27,Male,Light,1080.0,37.8,2,3,956.7,1
P14,27,Male,Light,1060.5,35.7,1,4,730.7,1
P14,27,Male,Light,1249.8,37.2,2,5,1105.6,1
P14,27,Male,Light,1156.8,37.4,1,6,912.7,1
P14,27,Male,Light,887.6,41.7,2,7,751.8,1
P14,27,Male,Light,1003.4,32.1,2,8,910.3,1
P14,27,Male,Light,961.7,38.9,1,9,727.1,1
P14,27,Male,Light,1160.7,26.1,2,10,914.1,1
P14,27,Male,Light,1081.2,39.6,2,11,800.6,1
P14,27,Male,Light,1176.3,38.2,1,12,873.3,1
P14,27,Male,Light,948.9,42.3,2,13,774.0,1
P14,27,Male,Light,929.2,37.4,1,14,636.3,1
P14,27,Male,Light,1108.9,35.4,2,15,966.7,0
P14,27,Male,Light,1134.7,44.5,2,16,967.3,1
P14,27,Male,Light,1036.4,36.8,1,17,824.4,1
P14,27,Male,Light,1175.7,46.5,1,18,861.6,1
P14,27,Male,Light,1177.7,37.8,1,19,981.1,1
P14,27,Male,Light,1183.1,37.4,1,20,917.3,1
P14,27,Male,Light,1298.9,37.6,2,21,1172.7,1
P14,27,Male,Light,994.8,37.1,1,22,734.5,0
P14,27,Male,Light,1115.5,40.0,1,23,961.3,1
P14,27,Male,Light,1164.4,40.9,1,24,868.6,1
P14,27,Male,Light,966.8,41.2,1,25,759.3,1
P14,27,Male,Noise,376.3,78.3,1,1,796.2,1
P14,27,Male,Noise,447.5,57.0,1,2,619.3,1
P14,27,Male,Noise,437.1,61.1,2,3,714.6,0
P14,27,Male,Noise,452.6,69.1,1,4,571.7,1
P14,27,Male,Noise,459.2,70.3,2,5,761.5,0
P14,27,Male,Noise,519.9,67.8,1,6,619.8,1
P14,27,Male,Noise,457.6,76.7,1,7,680.3,1
P14,27,Male,Noise,577.8,74.5,2,8,687.4,0
P14,27,Male,Noise,471.4,68.7,1,9,667.3,0
P14,27,Male,Noise,427.5,62.4,2,10,658.4,1
P14,27,Male,Noise,559.9,73.0,2,11,707.0,1
P14,27,Male,Noise,421.9,71.9,2,12,747.3,1
P14,27,Male,Noise,496.4,66.9,2,13,708.0,1
P14,27,Male,Noise,421.2,71.7,1,14,659.7,0
P14,27,Male,Noise,396.6,67.3,2,15,801.8,0
P14,27,Male,Noise,558.5,67.8,2,16,758.6,1
P14,27,Male,Noise,459.4,64.6,1,17,705.0,1
P14,27,Male,Noise,468.0,64.8,2,18,650.9,1
P14,27,Male,Noise,471.8,76.8,1,19,586.1,1
P14,27,Male,Noise,438.6,72.9,1,20,682.6,1
P14,27,Male,Noise,482.9,65.6,1,21,669.1,1
P14,27,Male,Noise,373.3,67.7,2,22,834.0,1
P14,27,Male,Noise,406.1,66.4,2,23,804.0,1
P14,27,Male,Noise,449.3,68.2,2,24,568.2,1
P14,27,Male,Noise,481.5,72.2,2,25,703.7,1
P14,27,Male,Both,954.9,69.1,1,1,833.3,1
P14,27,Male,Both,1077.0,67.1,2,2,911.1,1
P14,27,Male,Both,1153.2,66.9,2,3,1033.8,0
P14,27,Male,Both,1184.8,70.8,2,4,1052.6,0
P14,27,Male,Both,1113.7,75.5,1,5,944.2,1
P14,27,Male,Both,1080.7,67.7,2,6,1069.4,1
P14,27,Male,Both,1202.6,64.9,2,7,1073.4,0
P14,27,Male,Both,1199.4,69.0,2,8,1103.5,0
P14,27,Male,Both,1033.8,72.5,1,9,870.6,0
P14,27,Male,Both,1068.4,68.1,2,10,985.7,1
P14,27,Male,Both,1097.0,72.5,1,11,930.5,1
P14,27,Male,Both,1101.0,72.3,1,12,1070.3,0
P14,27,Male,Both,1076.2,67.1,1,13,857.6,0
P14,27,Male,Both,1046.9,73.7,1,14,900.5,1
P14,27,Male,Both,1255.1,74.3,1,15,1099.8,0
P14,27,Male,Both,1281.4,69.2,1,16,1201.3,0
P14,27,Male,Both,1042.9,69.1,2,17,1020.3,1
P14,27,Male,Both,1101.2,62.4,1,18,909.1,1
P14,27,Male,Both,1067.8,64.8,1,19,920.4,1
P14,27,Male,Both,1142.9,73.7,2,20,1070.8,1
P14,27,Male,Both,897.2,70.7,1,21,978.3,1
P14,27,Male,Both,1088.1,71.7,2,22,1076.1,1
P14,27,Male,Both,1156.3,80.9,2,23,1157.2,1
P14,27,Male,Both,1128.2,61.6,2,24,974.7,0
P14,27,Male,Both,1014.2,65.3,1,25,958.3,1
P15,26,Male,Baseline,457.6,33.4,2,1,560.6,1
P15,26,Male,Baseline,519.2,35.8,1,2,655.2,1
P15,26,Male,Baseline,470.5,33.7,1,3,685.2,1
P15,26,Male,Baseline,466.2,43.1,2,4,551.1,1
P15,26,Male,Baseline,528.9,38.3,1,5,667.9,1
P15,26,Male,Baseline,477.5,35.9,1,6,520.8,1
P15,26,Male,Baseline,425.1,37.0,2,7,608.4,1
P15,26,Male,Baseline,582.6,37.5,1,8,553.7,1
P15,26,Male,Baseline,489.6,43.8,1,9,559.2,1
P15,26,Male,Baseline,415.2,30.7,1,10,600.0,1
P15,26,Male,Baseline,530.2,38.1,2,11,588.3,0
P15,26,Male,Baseline,447.8,34.1,2,12,702.1,1
P15,26,Male,Baseline,470.6,40.6,1,13,596.9,1
P15,26,Male,Baseline,562.8,35.7,2,14,724.5,1
P15,26,Male,Baseline,512.3,40.9,1,15,530.2,1
P15,26,Male,Baseline,553.9,37.0,1,16,581.2,1
P15,26,Male,Baseline,466.1,44.8,1,17,526.6,1
P15,26,Male,Baseline,505.0,46.5,2,18,618.6,1
P15,26,Male,Baseline,453.6,38.6,1,19,618.1,1
P15,26,Male,Baseline,477.7,36.4,1,20,530.5,1
P15,26,Male,Baseline,433.2,40.0,1,21,665.2,1
P15,26,Male,Baseline,458.5,39.7,2,22,638.1,0
P15,26,Male,Baseline,495.4,38.0,2,23,627.2,1
P15,26,Male,Baseline,429.3,33.9,1,24,625.4,1
P15,26,Male,Baseline,441.7,38.1,2,25,635.1,1
P15,26,Male,Light,1056.5,37.0,2,1,813.6,1
P15,26,Male,Light,1275.8,38.3,1,2,1032.7,0
P15,26,Male,Light,998.6,43.4,2,3,820.2,1
P15,26,Male,Light,1090.5,37.9,1,4,701.7,1
P15,26,Male,Light,1095.1,43.9,2,5,966.7,0
P15,26,Male,Light,1224.2,37.0,1,6,1001.4,1
P15,26,Male,Light,1253.8,39.4,1,7,1037.5,0
P15,26,Male,Light,1209.3,41.1,1,8,1008.1,1
P15,26,Male,Light,1223.9,37.6,1,9,993.8,1
P15,26,Male,Light,1262.2,38.0,1,10,1118.6,1
P15,26,Male,Light,1131.6,36.7,1,11,911.3,1
P15,26,Male,Light,1033.6,38.5,1,12,781.7,1
P15,26,Male,Light,1228.9,41.9,2,13,1045.0,1
P15,26,Male,Light,1107.8,33.1,1,14,879.3,1
P15,26,Male,Light,1245.7,40.8,2,15,1094.9,1
P15,26,Male,Light,999.6,31.0,2,16,834.0,1
P15,26,Male,Light,1045.6,37.0,1,17,803.8,1
P15,26,Male,Light,1065.8,44.9,2,18,863.5,1
P15,26,Male,Light,1097.2,34.9,2,19,881.7,0
P15,26,Male,Light,1058.0,33.6,2,20,894.9,0
P15,26,Male,Light,1095.9,41.5,2,21,948.9,1
P15,26,Male,Light,1225.1,43.8,1,22,1042.9,1
P15,26,Male,Light,1197.4,35.8,1,23,976.1,1
P15,26,Male,Light,1139.8,35.4,1,24,932.0,0
P15,26,Male,Light,907.2,32.2,1,25,651.9,1
P15,26,Male,Noise,496.6,69.1,1,1,693.7,1
P15,26,Male,Noise,504.3,69.0,2,2,773.2,1
P15,26,Male,Noise,495.0,74.4,1,3,655.9,1
P15,26,Male,Noise,526.1,75.9,1,4,598.5,1
P15,26,Male,Noise,433.1,62.3,1,5,617.0,1
P15,26,Male,Noise,506.0,71.4,1,6,721.3,1
P15,26,Male,Noise,478.4,67.8,1,7,496.0,0
P15,26,Male,Noise,480.2,62.6,2,8,679.8,1
P15,26,Male,Noise,453.7,68.3,1,9,643.1,1
P15,26,Male,Noise,473.4,68.0,1,10,558.6,1
P15,26,Male,Noise,462.0,74.3,1,11,742.0,0
P15,26,Male,Noise,465.1,61.8,2,12,655.5,1
P15,26,Male,Noise,539.5,62.3,1,13,632.6,1
P15,26,Male,Noise,409.6,60.0,1,14,661.7,1
P15,26,Male,Noise,462.1,68.8,1,15,653.0,0
P15,26,Male,Noise,513.8,69.4,1,16,627.0,0
P15,26,Male,Noise,495.3,76.6,2,17,814.9,0
P15,26,Male,Noise,459.0,66.8,1,18,648.0,1
P15,26,Male,Noise,530.6,72.4,1,19,710.8,1
P15,26,Male,Noise,508.8,61.3,1,20,628.4,1
P15,26,Male,Noise,504.9,64.9,1,21,590.0,1
P15,26,Male,Noise,482.6,76.4,1,22,722.8,1
P15,26,Male,Noise,478.7,73.5,2,23,733.6,0
P15,26,Male,Noise,536.8,70.0,2,24,691.3,1
P15,26,Male,Noise,500.4,66.7,2,25,682.5,1
P15,26,Male,Both,1064.2,65.7,1,1,846.7,1
P15,26,Male,Both,1081.9,66.4,2,2,1040.4,1
P15,26,Male,Both,1155.3,66.8,2,3,1042.8,1
P15,26,Male,Both,1040.7,68.1,1,4,914.7,1
P15,26,Male,Both,933.9,72.1,1,5,814.7,0
P15,26,Male,Both,990.6,70.1,2,6,914.2,1
P15,26,Male,Both,1207.2,58.9,2,7,1213.6,1
P15,26,Male,Both,829.4,67.5,2,8,808.2,1
P15,26,Male,Both,1181.2,67.4,2,9,1057.4,0
P15,26,Male,Both,1151.5,62.1,1,10,1107.3,1
P15,26,Male,Both,1086.3,66.0,2,11,1037.6,0
P15,26,Male,Both,1158.0,60.4,2,12,1037.9,1
P15,26,Male,Both,927.8,72.1,2,13,841.7,1
P15,26,Male,Both,1282.1,66.8,2,14,1158.4,1
P15,26,Male,Both,1050.2,62.6,2,15,949.1,1
P15,26,Male,Both,1067.5,72.7,2,16,1112.1,1
P15,26,Male,Both,1261.5,62.9,2,17,1189.2,1
P15,26,Male,Both,1065.6,72.0,2,18,1079.1,1
P15,26,Male,Both,1118.4,64.1,1,19,922.0,0
P15,26,Male,Both,1056.2,69.2,2,20,994.2,1
P15,26,Male,Both,1212.2,65.1,2,21,1064.2,1
P15,26,Male,Both,868.3,73.6,2,22,974.7,0
P15,26,Male,Both,1191.8,67.5,1,23,1049.6,1
P15,26,Male,Both,1159.6,71.4,1,24,1102.6,0
P15,26,Male,Both,999.6,61.2,2,25,1004.6,1
P16,27,Male,Baseline,539.2,40.1,1,1,572.8,1
P16,27,Male,Baseline,479.4,36.5,2,2,687.7,1
P16,27,Male,Baseline,448.1,40.4,1,3,618.7,1
P16,27,Male,Baseline,431.6,44.9,1,4,679.1,1
P16,27,Male,Baseline,464.5,36.8,1,5,572.4,1
P16,27,Male,Baseline,554.9,37.8,2,6,751.2,1
P16,27,Male,Baseline,500.7,46.3,2,7,642.1,1
P16,27,Male,Baseline,523.3,34.9,1,8,587.9,1
P16,27,Male,Baseline,542.3,42.6,2,9,591.2,1
P16,27,Male,Baseline,465.4,33.6,2,10,557.9,0
P16,27,Male,Baseline,421.8,35.5,2,11,638.7,1
P16,27,Male,Baseline,451.1,38.3,2,12,762.6,1
P16,27,Male,Baseline,495.4,31.7,2,13,629.4,1
P16,27,Male,Baseline,475.1,40.4,1,14,633.7,1
P16,27,Male,Baseline,523.7,35.0,1,15,575.9,1
P16,27,Male,Baseline,461.5,38.2,2,16,599.6,1
P16,27,Male,Baseline,481.8,35.8,2,17,665.7,0
P16,27,Male,Baseline,474.8,34.0,1,18,728.2,1
P16,27,Male,Baseline,490.9,42.7,2,19,518.7,0
P16,27,Male,Baseline,424.9,37.1,2,20,675.7,1
P16,27,Male,Baseline,434.5,39.6,1,21,623.0,1
P16,27,Male,Baseline,535.3,37.6,1,22,699.7,1
P16,27,Male,Baseline,509.7,37.8,2,23,696.5,1
P16,27,Male,Baseline,373.5,25.7,1,24,685.1,1
P16,27,Male,Baseline,555.5,37.9,2,25,642.3,1
P16,27,Male,Light,999.3,44.6,2,1,971.1,1
P16,27,Male,Light,1098.9,32.8,2,2,940.2,0
P16,27,Male,Light,1148.1,35.7,2,3,993.8,0
P16,27,Male,Light,1208.7,37.6,1,4,981.0,1
P16,27,Male,Light,978.8,41.0,1,5,726.1,1
P16,27,Male,Light,1100.1,38.5,1,6,866.9,1
P16,27,Male,Light,1062.2,37.1,2,7,913.8,1
P16,27,Male,Light,996.9,37.9,1,8,732.4,0
P16,27,Male,Light,961.8,41.8,2,9,818.8,1
P16,27,Male,Light,1109.2,33.2,1,10,810.5,0
P16,27,Male,Light,1235.7,35.1,1,11,1053.2,0
P16,27,Male,Light,1176.0,33.9,2,12,1023.5,0
P16,27,Male,Light,1163.0,35.6,2,13,1045.1,1
P16,27,Male,Light,937.0,34.6,1,14,726.1,1
P16,27,Male,Light,969.6,43.6,2,15,755.0,1
P16,27,Male,Light,1204.6,37.9,2,16,980.4,1
P16,27,Male,Light,1024.3,38.8,2,17,800.9,1
P16,27,Male,Light,1111.6,38.8,2,18,933.8,1
P16,27,Male,Light,1045.2,37.2,2,19,892.1,1
P16,27,Male,Light,897.7,35.8,2,20,793.9,0
P16,27,Male,Light,1295.5,41.0,1,21,1182.8,1
P16,27,Male,Light,1271.0,45.4,1,22,1116.9,1
P16,27,Male,Light,1095.9,36.6,1,23,919.9,1
P16,27,Male,Light,1080.9,28.6,1,24,860.1,1
P16,27,Male,Light,1245.8,39.2,2,25,1187.3,0
P16,27,Male,Noise,575.9,73.4,1,1,771.0,1
P16,27,Male,Noise,468.5,75.2,2,2,653.0,1
P16,27,Male,Noise,501.3,77.8,1,3,793.2,1
P16,27,Male,Noise,462.1,61.9,2,4,650.7,1
P16,27,Male,Noise,435.5,71.7,1,5,620.9,1
P16,27,Male,Noise,493.5,66.6,1,6,669.0,1
P16,27,Male,Noise,523.3,66.4,2,7,731.8,1
P16,27,Male,Noise,421.6,63.5,1,8,623.0,1
P16,27,Male,Noise,449.6,71.5,1,9,601.3,1
P16,27,Male,Noise,473.0,60.7,1,10,616.1,1
P16,27,Male,Noise,464.3,68.8,2,11,819.9,1
P16,27,Male,Noise,447.7,68.5,2,12,746.2,1
P16,27,Male,Noise,456.0,71.8,2,13,833.2,1
P16,27,Male,Noise,487.9,66.7,1,14,700.2,1
P16,27,Male,Noise,547.2,68.4,2,15,715.3,1
P16,27,Male,Noise,502.3,63.9,2,16,784.0,1
P16,27,Male,Noise,485.1,73.8,1,17,809.9,1
P16,27,Male,Noise,485.6,70.9,1,18,729.3,1
P16,27,Male,Noise,519.9,70.6,2,19,777.9,1
P16,27,Male,Noise,516.0,59.0,2,20,852.6,1
P16,27,Male,Noise,539.8,68.1,2,21,704.8,1
P16,27,Male,Noise,469.9,75.9,1,22,734.1,1
P16,27,Male,Noise,393.4,67.6,1,23,702.1,1
P16,27,Male,Noise,465.4,68.2,1,24,749.6,1
P16,27,Male,Noise,503.6,66.3,1,25,696.1,1
P16,27,Male,Both,1203.9,67.3,1,1,1136.2,1
P16,27,Male,Both,1091.3,64.5,1,2,1008.2,1
P16,27,Male,Both,995.4,59.6,1,3,907.8,0
P16,27,Male,Both,1133.0,74.2,2,4,1095.6,1
P16,27,Male,Both,1138.0,74.2,2,5,1030.6,0
P16,27,Male,Both,1203.2,67.1,2,6,1172.3,0
P16,27,Male,Both,1158.2,70.8,1,7,1000.0,1
P16,27,Male,Both,1216.7,68.9,1,8,1106.0,1
P16,27,Male,Both,985.5,66.2,2,9,863.6,0
P16,27,Male,Both,1116.6,59.8,2,10,1031.6,1
P16,27,Male,Both,1060.8,64.0,2,11,955.2,0
P16,27,Male,Both,1101.9,68.7,1,12,969.7,1
P16,27,Male,Both,1350.8,64.1,1,13,1236.1,0
P16,27,Male,Both,1142.1,61.1,2,14,1017.4,1
P16,27,Male,Both,1078.9,65.8,1,15,1051.3,1
P16,27,Male,Both,1197.3,70.2,1,16,1133.2,1
P16,27,Male,Both,1113.5,77.0,1,17,1083.0,1
P16,27,Male,Both,1125.1,68.7,2,18,1074.3,0
P16,27,Male,Both,1058.4,69.7,1,19,961.3,1
P16,27,Male,Both,1166.3,68.8,1,20,1162.0,1
P16,27,Male,Both,1091.9,66.3,1,21,953.4,0
P16,27,Male,Both,1238.6,70.2,2,22,1244.8,1
P16,27,Male,Both,1081.0,69.7,1,23,958.9,0
P16,27,Male,Both,1120.4,71.0,1,24,1065.3,1
P16,27,Male,Both,1042.7,65.4,1,25,875.8,1
P17,24,Male,Baseline,441.2,35.2,1,1,434.6,1
P17,24,Male,Baseline,439.5,41.3,2,2,573.3,1
P17,24,Male,Baseline,501.5,38.3,2,3,479.5,1
P17,24,Male,Baseline,510.6,35.2,2,4,527.3,1
P17,24,Male,Baseline,434.9,38.7,1,5,416.6,1
P17,24,Male,Baseline,417.4,36.5,1,6,466.9,1
P17,24,Male,Baseline,506.0,37.7,1,7,456.7,1
P17,24,Male,Baseline,484.6,32.9,1,8,497.2,1
P17,24,Male,Baseline,516.7,36.6,1,9,406.5,1
P17,24,Male,Baseline,495.2,42.7,2,10,620.3,0
P17,24,Male,Baseline,553.5,36.8,1,11,419.6,1
P17,24,Male,Baseline,386.3,33.5,1,12,505.8,0
P17,24,Male,Baseline,497.1,41.6,2,13,477.1,1
P17,24,Male,Baseline,441.4,37.6,2,14,539.3,1
P17,24,Male,Baseline,547.0,35.1,1,15,416.1,0
P17,24,Male,Baseline,527.3,42.5,1,16,449.7,1
P17,24,Male,Baseline,496.8,35.8,1,17,439.6,1
P17,24,Male,Baseline,554.5,39.9,1,18,506.9,1
P17,24,Male,Baseline,421.6,39.8,2,19,506.4,1
P17,24,Male,Baseline,469.9,35.0,2,20,598.7,1
P17,24,Male,Baseline,462.1,43.0,1,21,390.4,1
P17,24,Male,Baseline,464.1,44.2,1,22,443.5,1
P17,24,Male,Baseline,551.0,34.6,1,23,499.8,1
P17,24,Male,Baseline,490.8,37.1,1,24,463.6,1
P17,24,Male,Baseline,482.9,38.7,1,25,447.3,1
P17,24,Male,Light,1095.5,36.2,1,1,764.7,0
P17,24,Male,Light,1027.0,36.9,2,2,835.5,1
P17,24,Male,Light,1117.7,36.1,2,3,828.7,0
P17,24,Male,Light,1083.0,34.3,2,4,656.1,0
P17,24,Male,Light,1246.4,41.3,2,5,1043.8,1
P17,24,Male,Light,1167.3,36.2,2,6,945.5,1
P17,24,Male,Light,1349.4,36.5,2,7,1212.5,1
P17,24,Male,Light,1233.6,44.8,1,8,871.2,1
P17,24,Male,Light,977.0,40.7,1,9,639.2,1
P17,24,Male,Light,1155.6,30.6,2,10,853.2,1
P17,24,Male,Light,1162.1,43.5,1,11,814.1,0
P17,24,Male,Light,1105.7,38.8,1,12,771.4,1
P17,24,Male,Light,965.7,40.7,2,13,672.9,1
P17,24,Male,Light,1053.7,42.9,2,14,780.6,1
P17,24,Male,Light,1146.3,43.4,1,15,841.4,0
P17,24,Male,Light,1160.6,32.5,2,16,870.0,0
P17,24,Male,Light,993.5,30.5,2,17,653.6,1
P17,24,Male,Light,1093.1,34.8,2,18,790.9,0
P17,24,Male,Light,1083.8,40.8,2,19,817.8,1
P17,24,Male,Light,1090.9,33.1,2,20,773.0,1
P17,24,Male,Light,965.8,38.1,2,21,740.2,0
P17,24,Male,Light,1023.6,38.1,1,22,780.2,1
P17,24,Male,Light,1008.9,49.2,1,23,683.3,0
P17,24,Male,Light,1041.7,26.9,2,24,816.3,1
P17,24,Male,Light,1052.9,41.7,2,25,685.9,0
P17,24,Male,Noise,470.9,64.2,1,1,461.7,1
P17,24,Male,Noise,474.0,70.7,2,2,625.4,1
P17,24,Male,Noise,422.1,70.5,1,3,549.2,1
P17,24,Male,Noise,451.2,74.8,1,4,650.5,0
P17,24,Male,Noise,440.8,57.1,1,5,516.7,1
P17,24,Male,Noise,526.9,63.7,1,6,508.8,1
P17,24,Male,Noise,435.5,67.5,2,7,620.3,1
P17,24,Male,Noise,525.3,68.0,2,8,480.0,0
P17,24,Male,Noise,510.5,60.2,1,9,540.0,1
P17,24,Male,Noise,457.0,64.8,1,10,536.4,1
P17,24,Male,Noise,473.8,73.2,2,11,635.2,1
P17,24,Male,Noise,464.0,72.2,2,12,634.2,1
P17,24,Male,Noise,487.8,69.9,1,13,522.9,0
P17,24,Male,Noise,505.4,62.9,2,14,603.5,1
P17,24,Male,Noise,457.0,72.8,1,15,576.9,0
P17,24,Male,Noise,464.3,69.7,2,16,645.2,1
P17,24,Male,Noise,471.6,67.2,2,17,599.8,0
P17,24,Male,Noise,406.1,62.6,2,18,684.9,0
P17,24,Male,Noise,488.8,65.4,2,19,657.1,1
P17,24,Male,Noise,457.8,67.7,1,20,568.2,1
P17,24,Male,Noise,406.5,64.0,1,21,506.1,1
P17,24,Male,Noise,431.5,69.5,1,22,574.0,1
P17,24,Male,Noise,474.7,72.0,2,23,655.1,1
P17,24,Male,Noise,374.5,69.9,2,24,660.4,1
P17,24,Male,Noise,459.0,75.4,1,25,608.6,1
P17,24,Male,Both,1271.9,66.4,1,1,1003.8,1
P17,24,Male,Both,1255.2,70.1,2,2,1264.4,1
P17,24,Male,Both,969.8,67.0,1,3,689.4,1
P17,24,Male,Both,1059.7,65.1,1,4,898.4,0
P17,24,Male,Both,1077.5,71.8,1,5,877.0,1
P17,24,Male,Both,1168.5,68.7,2,6,1032.9,0
P17,24,Male,Both,1078.0,75.7,1,7,840.0,1
P17,24,Male,Both,1141.4,65.0,1,8,871.8,0
P17,24,Male,Both,954.2,64.7,2,9,801.7,1
P17,24,Male,Both,1155.4,55.0,1,10,841.6,0
P17,24,Male,Both,1098.6,67.0,2,11,912.3,1
P17,24,Male,Both,1234.4,67.9,1,12,1058.1,1
P17,24,Male,Both,921.3,73.6,2,13,772.2,1
P17,24,Male,Both,1002.7,62.1,1,14,705.3,1
P17,24,Male,Both,1111.8,65.9,2,15,926.7,1
P17,24,Male,Both,1098.6,62.6,1,16,896.3,1
P17,24,Male,Both,951.8,72.3,2,17,816.1,1
P17,24,Male,Both,1174.7,67.2,1,18,1041.7,0
P17,24,Male,Both,1091.9,66.0,2,19,977.5,0
P17,24,Male,Both,945.5,64.6,1,20,772.7,1
P17,24,Male,Both,1237.3,71.7,1,21,1014.0,1
P17,24,Male,Both,1132.9,63.8,2,22,964.2,1
P17,24,Male,Both,1081.1,66.5,1,23,903.2,1
P17,24,Male,Both,1061.8,65.6,2,24,884.2,0
P17,24,Male,Both,1166.2,65.9,1,25,944.2,0
P18,19,Female,Baseline,514.4,32.7,1,1,556.6,1
P18,19,Female,Baseline,391.9,43.5,2,2,593.7,1
P18,19,Female,Baseline,359.9,31.9,2,3,604.7,1
P18,19,Female,Baseline,458.0,33.6,2,4,571.9,1
P18,19,Female,Baseline,489.2,34.8,1,5,499.7,1
P18,19,Female,Baseline,458.3,42.3,2,6,588.5,1
P18,19,Female,Baseline,517.0,46.6,2,7,668.6,1
P18,19,Female,Baseline,455.8,38.1,2,8,526.6,1
P18,19,Female,Baseline,455.0,36.4,2,9,582.1,1
P18,19,Female,Baseline,475.2,30.5,2,10,556.3,1
P18,19,Female,Baseline,489.8,40.0,1,11,494.2,1
P18,19,Female,Baseline,461.2,33.4,2,12,640.0,1
P18,19,Female,Baseline,518.0,35.6,1,13,511.7,1
P18,19,Female,Baseline,459.6,37.1,1,14,407.4,1
P18,19,Female,Baseline,483.6,36.4,1,15,476.1,0
P18,19,Female,Baseline,443.8,35.7,2,16,659.7,0
P18,19,Female,Baseline,452.0,35.1,1,17,614.7,1
P18,19,Female,Baseline,475.8,32.4,1,18,470.2,1
P18,19,Female,Baseline,502.0,29.7,2,19,691.2,0
P18,19,Female,Baseline,539.6,40.6,2,20,544.4,1
P18,19,Female,Baseline,474.9,34.2,2,21,686.8,1
P18,19,Female,Baseline,523.1,36.3,2,22,603.0,1
P18,19,Female,Baseline,456.1,40.3,2,23,630.3,1
P18,19,Female,Baseline,470.9,41.4,1,24,580.1,1
P18,19,Female,Baseline,433.2,35.2,2,25,681.0,1
P18,19,Female,Light,896.8,37.9,1,1,674.5,1
P18,19,Female,Light,1152.5,38.9,2,2,826.2,0
P18,19,Female,Light,1004.7,35.7,2,3,822.7,1
P18,19,Female,Light,1096.2,40.2,1,4,831.1,1
P18,19,Female,Light,1222.9,35.8,2,5,998.6,0
P18,19,Female,Light,1090.8,33.6,2,6,814.3,1
P18,19,Female,Light,1134.7,39.1,1,7,846.8,0
P18,19,Female,Light,1076.5,33.5,2,8,849.4,1
P18,19,Female,Light,1066.5,36.6,2,9,827.9,0
P18,19,Female,Light,1083.9,36.4,2,10,803.8,1
P18,19,Female,Light,1010.2,43.8,2,11,757.8,1
P18,19,Female,Light,1197.0,37.4,1,12,851.7,0
P18,19,Female,Light,973.9,39.6,1,13,724.6,1
P18,19,Female,Light,1147.2,34.3,1,14,913.6,0
P18,19,Female,Light,825.0,40.6,2,15,627.3,1
P18,19,Female,Light,1239.3,38.1,2,16,1046.1,0
P18,19,Female,Light,993.8,38.0,1,17,773.1,1
P18,19,Female,Light,1215.2,36.3,1,18,1067.6,1
P18,19,Female,Light,1155.3,42.8,1,19,820.4,1
P18,19,Female,Light,1225.6,39.1,2,20,1024.7,0
P18,19,Female,Light,1080.9,35.0,1,21,863.9,0
P18,19,Female,Light,1157.7,39.6,2,22,982.5,0
P18,19,Female,Light,1224.5,46.5,2,23,936.6,1
P18,19,Female,Light,1025.8,38.7,1,24,753.5,1
P18,19,Female,Light,989.9,33.8,2,25,741.5,1
P18,19,Female,Noise,430.9,67.8,1,1,571.6,1
P18,19,Female,Noise,477.6,73.3,2,2,680.8,1
P18,19,Female,Noise,457.5,68.0,1,3,591.8,1
P18,19,Female,Noise,447.5,71.8,2,4,657.3,1
P18,19,Female,Noise,482.4,75.6,2,5,620.0,1
P18,19,Female,Noise,424.6,61.1,2,6,689.5,1
P18,19,Female,Noise,460.8,66.1,1,7,700.7,1
P18,19,Female,Noise,427.1,72.0,1,8,622.4,0
P18,19,Female,Noise,459.0,72.2,1,9,604.2,1
P18,19,Female,Noise,509.7,70.9,1,10,549.9,1
P18,19,Female,Noise,378.5,71.0,1,11,631.2,0
P18,19,Female,Noise,436.1,65.6,1,12,576.4,1
P18,19,Female,Noise,503.3,79.3,2,13,780.2,1
P18,19,Female,Noise,413.0,66.2,1,14,531.7,1
P18,19,Female,Noise,448.8,58.2,2,15,618.7,1
P18,19,Female,Noise,515.9,64.4,1,16,668.3,1
P18,19,Female,Noise,458.4,69.7,1,17,671.2,1
P18,19,Female,Noise,501.1,71.7,2,18,706.2,1
P18,19,Female,Noise,422.2,71.0,1,19,615.3,1
P18,19,Female,Noise,422.9,76.2,1,20,655.6,1
P18,19,Female,Noise,464.2,59.7,2,21,674.2,1
P18,19,Female,Noise,472.1,57.0,2,22,562.0,0
P18,19,Female,Noise,436.3,75.1,1,23,643.3,1
P18,19,Female,Noise,447.2,76.0,1,24,660.0,1
P18,19,Female,Noise,469.3,71.3,2,25,691.4,0
P18,19,Female,Both,1038.8,71.8,1,1,909.5,1
P18,19,Female,Both,1121.4,68.0,1,2,966.2,1
P18,19,Female,Both,1092.7,67.7,2,3,973.0,1
P18,19,Female,Both,1114.0,64.8,2,4,1006.4,1
P18,19,Female,Both,1041.5,65.5,1,5,977.3,1
P18,19,Female,Both,1142.6,69.2,1,6,1042.6,1
P18,19,Female,Both,1054.9,69.0,2,7,847.7,1
P18,19,Female,Both,1020.6,67.1,2,8,936.9,1
P18,19,Female,Both,1114.8,61.9,1,9,875.9,0
P18,19,Female,Both,1158.8,73.7,1,10,967.1,0
P18,19,Female,Both,953.4,71.7,1,11,793.3,1
P18,19,Female,Both,1161.4,72.7,1,12,1021.9,1
P18,19,Female,Both,1152.7,69.5,2,13,1080.0,1
P18,19,Female,Both,1184.3,59.9,2,14,974.7,0
P18,19,Female,Both,1264.2,65.6,2,15,1171.2,0
P18,19,Female,Both,893.2,65.4,1,16,601.2,1
P18,19,Female,Both,1210.1,73.0,2,17,1148.0,1
P18,19,Female,Both,1121.5,70.8,2,18,1032.2,0
P18,19,Female,Both,1226.3,75.6,1,19,1172.3,0
P18,19,Female,Both,1004.6,74.4,1,20,892.5,0
P18,19,Female,Both,1142.6,62.6,1,21,995.1,1
P18,19,Female,Both,1263.1,71.5,2,22,1198.6,0
P18,19,Female,Both,1013.1,67.7,1,23,937.5,1
P18,19,Female,Both,1348.0,64.3,2,24,1340.5,0
P18,19,Female,Both,1080.3,67.7,1,25,976.6,1
P19,28,Female,Baseline,498.3,36.4,1,1,743.8,1
P19,28,Female,Baseline,484.0,32.8,1,2,488.1,1
P19,28,Female,Baseline,458.6,37.9,1,3,593.5,1
P19,28,Female,Baseline,431.7,43.3,1,4,525.2,1
P19,28,Female,Baseline,508.5,42.1,2,5,539.5,0
P19,28,Female,Baseline,509.4,35.9,1,6,479.7,1
P19,28,Female,Baseline,461.3,40.2,1,7,452.8,1
P19,28,Female,Baseline,490.1,41.7,2,8,557.4,0
P19,28,Female,Baseline,534.4,31.9,2,9,660.8,1
P19,28,Female,Baseline,452.5,34.7,2,10,578.0,1
P19,28,Female,Baseline,441.5,40.6,1,11,473.4,1
P19,28,Female,Baseline,498.2,44.0,2,12,620.3,1
P19,28,Female,Baseline,499.1,41.9,2,13,582.9,1
P19,28,Female,Baseline,470.3,39.8,2,14,625.8,0
P19,28,Female,Baseline,472.9,35.1,2,15,610.6,1
P19,28,Female,Baseline,472.3,31.0,1,16,533.9,1
P19,28,Female,Baseline,457.0,44.3,1,17,572.3,0
P19,28,Female,Baseline,523.1,37.9,1,18,470.6,1
P19,28,Female,Baseline,463.5,35.3,1,19,516.3,1
P19,28,Female,Baseline,499.4,33.0,1,20,496.3,1
P19,28,Female,Baseline,472.2,45.3,1,21,447.5,1
P19,28,Female,Baseline,501.8,37.5,2,22,528.2,1
P19,28,Female,Baseline,437.2,40.6,1,23,571.8,1
P19,28,Female,Baseline,502.5,35.8,2,24,657.0,1
P19,28,Female,Baseline,486.5,32.8,2,25,599.7,1
P19,28,Female,Light,929.8,40.0,2,1,685.1,0
P19,28,Female,Light,1064.8,33.5,2,2,787.8,1
P19,28,Female,Light,1100.1,37.4,2,3,904.2,1
P19,28,Female,Light,971.1,39.6,2,4,701.2,1
P19,28,Female,Light,1152.5,33.0,2,5,891.3,0
P19,28,Female,Light,1277.6,41.6,2,6,1100.8,0
P19,28,Female,Light,1032.7,38.4,2,7,837.9,0
P19,28,Female,Light,1124.8,38.3,2,8,882.6,0
P19,28,Female,Light,1123.2,39.6,2,9,908.8,1
P19,28,Female,Light,1000.1,39.6,2,10,796.2,1
P19,28,Female,Light,1122.4,33.5,2,11,970.3,1
P19,28,Female,Light,1033.1,37.3,2,12,888.4,0
P19,28,Female,Light,1115.5,40.3,1,13,791.9,1
P19,28,Female,Light,1127.4,31.8,1,14,842.6,1
P19,28,Female,Light,1103.6,39.0,2,15,955.8,1
P19,28,Female,Light,1065.8,40.7,2,16,872.7,1
P19,28,Female,Light,1161.4,42.5,1,17,865.1,0
P19,28,Female,Light,1068.6,40.8,2,18,873.4,0
P19,28,Female,Light,1062.6,37.3,2,19,886.3,0
P19,28,Female,Light,999.4,41.0,2,20,819.1,0
P19,28,Female,Light,1256.6,36.3,2,21,1062.1,0
P19,28,Female,Light,1012.6,37.7,2,22,776.9,1
P19,28,Female,Light,1211.2,35.6,1,23,971.4,1
P19,28,Female,Light,960.3,40.1,2,24,800.2,1
P19,28,Female,Light,1100.8,32.8,2,25,892.3,1
P19,28,Female,Noise,447.7,65.0,2,1,680.8,1
P19,28,Female,Noise,560.6,70.6,2,2,714.0,1
P19,28,Female,Noise,405.8,71.4,1,3,652.9,1
P19,28,Female,Noise,489.5,64.1,2,4,698.7,1
P19,28,Female,Noise,569.8,79.2,1,5,718.5,1
P19,28,Female,Noise,526.7,67.5,2,6,579.3,0
P19,28,Female,Noise,525.2,67.8,2,7,634.2,1
P19,28,Female,Noise,517.8,60.0,2,8,655.0,1
P19,28,Female,Noise,422.9,69.2,2,9,722.7,1
P19,28,Female,Noise,449.7,56.1,1,10,448.4,0
P19,28,Female,Noise,563.3,68.5,1,11,597.3,1
P19,28,Female,Noise,459.4,69.2,1,12,614.3,0
P19,28,Female,Noise,459.0,69.5,1,13,641.4,1
P19,28,Female,Noise,485.1,74.9,2,14,685.8,1
P19,28,Female,Noise,408.3,65.6,1,15,715.6,1
P19,28,Female,Noise,476.2,75.3,1,16,594.6,1
P19,28,Female,Noise,493.3,68.9,1,17,640.4,1
P19,28,Female,Noise,465.6,64.3,2,18,648.7,1
P19,28,Female,Noise,499.3,66.1,2,19,694.4,0
P19,28,Female,Noise,510.8,65.6,1,20,669.8,1
P19,28,Female,Noise,485.9,71.2,1,21,667.0,1
P19,28,Female,Noise,413.5,73.0,1,22,634.3,1
P19,28,Female,Noise,507.6,64.1,2,23,698.6,1
P19,28,Female,Noise,517.5,67.1,2,24,730.1,1
P19,28,Female,Noise,491.5,66.1,1,25,676.4,1
P19,28,Female,Both,1153.1,68.2,1,1,976.8,1
P19,28,Female,Both,1220.2,68.4,2,2,1066.2,1
P19,28,Female,Both,1130.9,72.3,1,3,1003.6,1
P19,28,Female,Both,1197.7,67.6,2,4,1151.1,1
P19,28,Female,Both,1126.4,71.5,2,5,1058.8,0
P19,28,Female,Both,1172.8,61.4,1,6,1028.4,1
P19,28,Female,Both,997.0,70.5,1,7,822.6,1
P19,28,Female,Both,1174.3,65.2,2,8,1067.2,1
P19,28,Female,Both,1114.6,61.3,1,9,897.5,1
P19,28,Female,Both,1160.6,64.1,1,10,969.5,0
P19,28,Female,Both,1140.5,65.4,1,11,969.5,1
P19,28,Female,Both,1120.5,59.8,2,12,1086.3,1
P19,28,Female,Both,1103.0,66.9,2,13,987.3,1
P19,28,Female,Both,1214.0,68.4,2,14,1098.5,1
P19,28,Female,Both,1033.1,58.9,1,15,847.0,1
P19,28,Female,Both,1145.8,71.4,1,16,969.1,1
P19,28,Female,Both,1300.9,75.4,1,17,1220.9,1
P19,28,Female,Both,1121.0,64.2,1,18,871.4,1
P19,28,Female,Both,1070.8,60.7,1,19,871.6,1
P19,28,Female,Both,982.7,66.1,1,20,785.3,0
P19,28,Female,Both,909.7,58.1,2,21,799.6,1
P19,28,Female,Both,1140.4,65.3,2,22,1018.8,1
P19,28,Female,Both,1255.1,66.4,1,23,1088.6,1
P19,28,Female,Both,1080.5,70.8,2,24,1021.2,0
P19,28,Female,Both,1119.4,68.5,2,25,979.3,1
P20,23,Female,Baseline,561.1,42.8,2,1,622.3,0
P20,23,Female,Baseline,469.6,41.8,1,2,595.4,1
P20,23,Female,Baseline,460.7,46.7,1,3,621.0,1
P20,23,Female,Baseline,489.8,36.8,1,4,566.0,1
P20,23,Female,Baseline,438.6,36.6,1,5,510.6,1
P20,23,Female,Baseline,520.4,42.4,2,6,550.9,1
P20,23,Female,Baseline,431.7,34.4,2,7,581.3,1
P20,23,Female,Baseline,451.4,33.7,2,8,603.4,0
P20,23,Female,Baseline,439.5,30.5,1,9,420.8,1
P20,23,Female,Baseline,545.6,44.7,1,10,420.0,1
P20,23,Female,Baseline,440.4,33.2,2,11,648.7,1
P20,23,Female,Baseline,451.4,40.8,2,12,457.4,1
P20,23,Female,Baseline,447.0,38.3,1,13,513.9,1
P20,23,Female,Baseline,480.9,40.2,1,14,528.6,1
P20,23,Female,Baseline,496.1,41.3,1,15,517.4,1
P20,23,Female,Baseline,435.9,45.2,2,16,511.7,0
P20,23,Female,Baseline,442.0,46.8,2,17,563.1,0
P20,23,Female,Baseline,483.8,36.7,2,18,575.4,1
P20,23,Female,Baseline,482.3,38.1,1,19,595.3,1
P20,23,Female,Baseline,512.6,33.6,2,20,626.0,1
P20,23,Female,Baseline,432.6,37.3,1,21,537.9,1
P20,23,Female,Baseline,450.1,42.2,1,22,491.0,1
P20,23,Female,Baseline,488.7,40.6,1,23,484.9,1
P20,23,Female,Baseline,549.3,35.7,2,24,487.1,1
P20,23,Female,Baseline,466.8,37.5,2,25,562.5,1
P20,23,Female,Light,1090.0,43.9,2,1,852.4,1
P20,23,Female,Light,980.4,38.6,2,2,671.6,1
P20,23,Female,Light,1168.4,36.5,2,3,947.1,1
P20,23,Female,Light,1160.2,40.4,1,4,857.6,0
P20,23,Female,Light,1151.8,36.4,2,5,916.5,1
P20,23,Female,Light,1108.1,44.0,1,6,804.6,1
P20,23,Female,Light,815.0,36.7,2,7,580.8,1
P20,23,Female,Light,1115.3,40.8,1,8,817.9,1
P20,23,Female,Light,1123.2,32.8,2,9,856.9,1
P20,23,Female,Light,1159.2,34.2,1,10,856.5,0
P20,23,Female,Light,1181.1,40.6,1,11,953.6,1
P20,23,Female,Light,1220.3,32.5,2,12,927.1,1
P20,23,Female,Light,1220.2,35.6,1,13,908.2,1
P20,23,Female,Light,1157.3,36.1,1,14,791.7,1
P20,23,Female,Light,1217.7,38.4,2,15,952.1,1
P20,23,Female,Light,1041.5,43.7,2,16,818.9,1
P20,23,Female,Light,1329.0,39.5,2,17,1113.8,0
P20,23,Female,Light,1170.2,43.2,2,18,959.4,1
P20,23,Female,Light,1166.6,37.9,1,19,894.0,0
P20,23,Female,Light,1074.9,34.5,2,20,930.0,1
P20,23,Female,Light,1155.4,39.7,1,21,868.3,1
P20,23,Female,Light,969.8,34.9,2,22,838.9,1
P20,23,Female,Light,1097.0,29.2,1,23,710.3,1
P20,23,Female,Light,1297.0,35.2,2,24,1067.9,1
P20,23,Female,Light,1221.5,36.6,1,25,905.1,0
P20,23,Female,Noise,481.8,73.5,2,1,749.5,1
P20,23,Female,Noise,497.4,68.7,1,2,567.9,1
P20,23,Female,Noise,462.3,72.8,1,3,529.6,1
P20,23,Female,Noise,410.9,71.1,2,4,608.4,1
P20,23,Female,Noise,485.5,67.7,2,5,662.9,1
P20,23,Female,Noise,467.1,70.1,1,6,694.3,1
P20,23,Female,Noise,425.5,66.3,2,7,738.3,1
P20,23,Female,Noise,494.0,68.8,2,8,735.8,1
P20,23,Female,Noise,526.3,70.3,2,9,708.3,1
P20,23,Female,Noise,472.4,66.2,1,10,655.0,0
P20,23,Female,Noise,450.0,66.7,2,11,682.9,1
P20,23,Female,Noise,555.3,70.1,2,12,698.4,1
P20,23,Female,Noise,462.0,67.6,1,13,590.1,1
P20,23,Female,Noise,509.9,70.1,2,14,652.8,0
P20,23,Female,Noise,510.5,62.3,2,15,679.9,1
P20,23,Female,Noise,507.4,59.6,2,16,626.0,1
P20,23,Female,Noise,537.2,62.2,1,17,590.6,1
P20,23,Female,Noise,419.8,70.6,1,18,507.8,1
P20,23,Female,Noise,457.0,72.0,1,19,679.7,1
P20,23,Female,Noise,382.9,70.0,2,20,762.9,0
P20,23,Female,Noise,498.5,62.1,1,21,690.3,1
P20,23,Female,Noise,434.1,72.7,2,22,661.6,1
P20,23,Female,Noise,541.1,70.3,2,23,612.4,1
P20,23,Female,Noise,479.0,75.0,2,24,740.5,1
P20,23,Female,Noise,459.5,75.2,2,25,590.6,1
P20,23,Female,Both,1087.9,62.8,1,1,890.6,0
P20,23,Female,Both,1053.4,64.0,2,2,905.4,1
P20,23,Female,Both,1257.3,70.5,2,3,1245.1,1
P20,23,Female,Both,1045.1,76.8,1,4,878.3,1
P20,23,Female,Both,976.2,71.6,1,5,846.1,1
P20,23,Female,Both,1189.0,74.5,2,6,1035.9,1
P20,23,Female,Both,947.3,60.9,1,7,787.6,0
P20,23,Female,Both,1119.0,73.0,2,8,978.5,1
P20,23,Female,Both,1178.0,60.3,2,9,953.0,0
P20,23,Female,Both,1206.2,67.2,1,10,1048.9,1
P20,23,Female,Both,990.5,70.8,2,11,919.9,1
P20,23,Female,Both,1131.2,62.2,1,12,922.6,1
P20,23,Female,Both,1070.5,64.5,1,13,922.2,1
P20,23,Female,Both,1000.7,66.4,2,14,938.3,1
P20,23,Female,Both,1235.1,74.7,2,15,1077.6,1
P20,23,Female,Both,1092.8,73.6,2,16,939.6,1
P20,23,Female,Both,877.2,66.2,1,17,711.8,1
P20,23,Female,Both,1229.8,72.8,2,18,1178.2,1
P20,23,Female,Both,932.9,57.7,2,19,859.4,1
P20,23,Female,Both,971.5,67.0,1,20,798.8,0
P20,23,Female,Both,1288.6,73.0,1,21,1126.4,1
P20,23,Female,Both,1135.9,62.4,2,22,921.0,0
P20,23,Female,Both,983.1,62.4,1,23,888.7,1
P20,23,Female,Both,1120.7,57.9,1,24,930.0,1
P20,23,Female,Both,884.6,69.0,1,25,774.3,1
P21,24,Male,Baseline,453.8,29.0,1,1,475.5,1
P21,24,Male,Baseline,371.3,36.2,1,2,626.4,1
P21,24,Male,Baseline,515.9,31.4,1,3,614.5,1
P21,24,Male,Baseline,484.1,33.5,2,4,601.6,1
P21,24,Male,Baseline,527.5,48.9,1,5,515.9,0
P21,24,Male,Baseline,412.6,44.2,2,6,546.6,1
P21,24,Male,Baseline,506.2,43.9,1,7,515.5,1
P21,24,Male,Baseline,454.9,35.7,2,8,622.6,0
P21,24,Male,Baseline,565.3,39.8,1,9,483.4,1
P21,24,Male,Baseline,451.1,39.6,1,10,579.3,1
P21,24,Male,Baseline,481.4,47.6,1,11,614.3,1
P21,24,Male,Baseline,550.5,32.3,2,12,678.1,1
P21,24,Male,Baseline,457.4,40.2,1,13,479.3,1
P21,24,Male,Baseline,483.9,37.3,2,14,649.1,0
P21,24,Male,Baseline,496.8,35.1,1,15,524.6,1
P21,24,Male,Baseline,498.7,39.8,2,16,577.6,0
P21,24,Male,Baseline,450.6,37.5,2,17,654.7,1
P21,24,Male,Baseline,497.1,42.2,2,18,567.7,1
P21,24,Male,Baseline,516.2,44.1,1,19,495.2,1
P21,24,Male,Baseline,373.9,40.0,2,20,676.5,1
P21,24,Male,Baseline,462.8,33.7,2,21,580.1,1
P21,24,Male,Baseline,450.5,36.9,1,22,533.1,1
P21,24,Male,Baseline,464.2,39.4,2,23,575.9,1
P21,24,Male,Baseline,417.1,33.2,1,24,563.5,1
P21,24,Male,Baseline,408.5,35.8,2,25,600.6,1
P21,24,Male,Light,1055.3,37.8,1,1,860.8,1
P21,24,Male,Light,1024.0,38.6,2,2,837.5,1
P21,24,Male,Light,963.3,38.7,1,3,700.5,1
P21,24,Male,Light,1183.1,39.9,1,4,960.6,1
P21,24,Male,Light,967.9,25.2,2,5,767.8,1
P21,24,Male,Light,1139.8,30.1,1,6,890.4,1
P21,24,Male,Light,1140.9,35.8,1,7,864.5,0
P21,24,Male,Light,1195.3,38.4,1,8,899.8,0
P21,24,Male,Light,997.9,37.3,2,9,776.0,1
P21,24,Male,Light,999.1,30.6,1,10,791.8,0
P21,24,Male,Light,1136.9,42.3,2,11,957.4,1
P21,24,Male,Light,1005.7,38.3,2,12,810.5,1
P21,24,Male,Light,991.7,39.7,2,13,820.6,1
P21,24,Male,Light,1111.1,44.7,1,14,911.1,1
P21,24,Male,Light,1210.9,42.9,2,15,990.7,1
P21,24,Male,Light,1146.9,34.5,1,16,940.2,0
P21,24,Male,Light,994.2,37.4,1,17,750.3,0
P21,24,Male,Light,1335.8,38.9,1,18,1168.6,1
P21,24,Male,Light,1200.7,31.3,2,19,972.8,1
P21,24,Male,Light,1257.0,34.9,2,20,1095.2,1
P21,24,Male,Light,1073.1,41.5,2,21,839.0,1
P21,24,Male,Light,969.9,38.0,1,22,707.0,1
P21,24,Male,Light,1264.0,46.7,2,23,1021.9,1
P21,24,Male,Light,1004.0,36.8,1,24,725.4,1
P21,24,Male,Light,1005.7,42.6,2,25,633.6,0
P21,24,Male,Noise,478.2,64.7,1,1,669.5,1
P21,24,Male,Noise,563.7,60.9,2,2,724.4,1
P21,24,Male,Noise,459.9,66.0,2,3,681.4,1
P21,24,Male,Noise,470.6,64.1,2,4,596.8,1
P21,24,Male,Noise,434.0,65.9,1,5,619.8,1
P21,24,Male,Noise,391.6,70.3,2,6,695.6,1
P21,24,Male,Noise,508.7,67.2,1,7,574.4,1
P21,24,Male,Noise,404.8,71.9,1,8,638.4,1
P21,24,Male,Noise,470.7,67.2,1,9,795.1,1
P21,24,Male,Noise,457.4,71.1,2,10,729.5,1
P21,24,Male,Noise,429.6,67.7,2,11,594.8,0
P21,24,Male,Noise,502.9,68.2,1,12,699.8,1
P21,24,Male,Noise,574.1,60.3,2,13,656.0,1
P21,24,Male,Noise,478.4,67.6,2,14,670.7,0
P21,24,Male,Noise,497.3,66.4,1,15,607.5,1
P21,24,Male,Noise,412.5,67.1,2,16,616.9,1
P21,24,Male,Noise,501.1,59.1,1,17,601.9,1
P21,24,Male,Noise,438.6,71.8,2,18,701.0,1
P21,24,Male,Noise,488.0,59.6,1,19,534.4,1
P21,24,Male,Noise,479.9,73.2,1,20,594.1,0
P21,24,Male,Noise,475.4,63.3,1,21,606.9,0
P21,24,Male,Noise,481.7,67.4,1,22,616.7,1
P21,24,Male,Noise,427.8,68.4,1,23,577.2,1
P21,24,Male,Noise,509.4,68.9,1,24,602.5,1
P21,24,Male,Noise,505.4,56.0,1,25,484.0,1
P21,24,Male,Both,1048.6,78.9,2,1,1070.6,1
P21,24,Male,Both,1135.7,58.7,1,2,900.6,1
P21,24,Male,Both,1115.5,65.6,1,3,983.4,1
P21,24,Male,Both,1107.5,63.6,2,4,998.0,1
P21,24,Male,Both,1116.4,66.9,1,5,905.9,1
P21,24,Male,Both,1084.5,64.2,1,6,887.2,1
P21,24,Male,Both,1259.0,70.1,2,7,1150.3,0
P21,24,Male,Both,997.3,65.8,1,8,765.4,1
P21,24,Male,Both,1049.4,66.2,1,9,848.4,1
P21,24,Male,Both,1033.7,57.7,1,10,878.5,0
P21,24,Male,Both,1031.8,74.4,1,11,935.0,1
P21,24,Male,Both,1074.0,68.9,2,12,994.7,0
P21,24,Male,Both,1082.6,77.9,2,13,1026.8,1
P21,24,Male,Both,1154.0,69.4,1,14,1043.7,1
P21,24,Male,Both,1126.4,64.5,2,15,1030.9,1
P21,24,Male,Both,1069.2,81.4,1,16,1007.4,1
P21,24,Male,Both,1113.1,80.8,1,17,941.9,1
P21,24,Male,Both,1098.2,63.8,2,18,951.9,0
P21,24,Male,Both,967.1,59.0,2,19,840.7,1
P21,24,Male,Both,1251.8,60.4,1,20,1099.2,0
P21,24,Male,Both,948.2,78.2,2,21,852.9,1
P21,24,Male,Both,1079.1,71.6,2,22,947.4,1
P21,24,Male,Both,1077.3,71.7,1,23,868.3,1
P21,24,Male,Both,1024.1,68.0,1,24,801.6,0
P21,24,Male,Both,1002.9,65.9,1,25,795.3,1
P22,22,Male,Baseline,448.7,34.4,2,1,757.0,1
P22,22,Male,Baseline,476.0,32.3,1,2,578.5,1
P22,22,Male,Baseline,532.3,40.1,2,3,671.3,0
P22,22,Male,Baseline,444.6,39.8,2,4,688.7,1
P22,22,Male,Baseline,530.0,43.2,1,5,620.2,1
P22,22,Male,Baseline,466.0,44.5,1,6,666.5,1
P22,22,Male,Baseline,485.1,45.0,2,7,805.2,1
P22,22,Male,Baseline,423.8,35.0,2,8,618.4,1
P22,22,Male,Baseline,438.5,38.7,2,9,671.2,1
P22,22,Male,Baseline,427.9,36.4,1,10,791.4,0
P22,22,Male,Baseline,469.4,35.6,1,11,654.2,0
P22,22,Male,Baseline,501.2,34.2,1,12,594.2,1
P22,22,Male,Baseline,433.3,40.9,2,13,610.5,1
P22,22,Male,Baseline,412.6,40.8,1,14,640.5,1
P22,22,Male,Baseline,522.9,33.8,1,15,607.6,1
P22,22,Male,Baseline,553.0,38.0,1,16,702.9,0
P22,22,Male,Baseline,472.8,37.9,2,17,727.6,1
P22,22,Male,Baseline,544.9,36.8,2,18,687.1,1
P22,22,Male,Baseline,505.4,38.4,1,19,629.0,1
P22,22,Male,Baseline,465.2,39.9,1,20,687.8,0
P22,22,Male,Baseline,518.0,37.7,1,21,663.5,1
P22,22,Male,Baseline,489.3,31.8,2,22,656.5,1
P22,22,Male,Baseline,471.2,37.3,2,23,707.7,1
P22,22,Male,Baseline,574.1,39.6,1,24,616.4,1
P22,22,Male,Baseline,480.0,35.5,1,25,709.2,1
P22,22,Male,Light,935.3,34.7,2,1,826.4,1
P22,22,Male,Light,1214.3,48.8,1,2,1039.5,0
P22,22,Male,Light,1031.8,37.4,2,3,904.9,1
P22,22,Male,Light,1112.3,37.3,1,4,942.4,1
P22,22,Male,Light,1074.2,29.6,1,5,839.9,1
P22,22,Male,Light,1075.3,41.7,1,6,894.7,1
P22,22,Male,Light,1195.6,40.7,2,7,1126.3,1
P22,22,Male,Light,1063.2,43.3,1,8,838.8,1
P22,22,Male,Light,949.5,40.3,1,9,812.3,1
P22,22,Male,Light,1094.1,38.2,2,10,951.6,1
P22,22,Male,Light,1147.4,37.9,1,11,959.2,0
P22,22,Male,Light,1259.5,36.2,2,12,1074.4,1
P22,22,Male,Light,1165.7,41.3,2,13,1068.0,0
P22,22,Male,Light,1173.1,42.5,2,14,1156.9,1
P22,22,Male,Light,967.3,40.7,2,15,926.3,0
P22,22,Male,Light,1228.1,45.8,2,16,1148.8,1
P22,22,Male,Light,1130.8,35.8,1,17,979.9,1
P22,22,Male,Light,1147.2,37.6,1,18,835.8,1
P22,22,Male,Light,1220.2,45.5,2,19,1168.0,1
P22,22,Male,Light,1116.9,38.0,1,20,956.0,1
P22,22,Male,Light,1048.5,33.6,1,21,922.0,1
P22,22,Male,Light,1064.0,35.7,2,22,1010.3,1
P22,22,Male,Light,949.7,32.8,2,23,927.8,0
P22,22,Male,Light,1154.7,44.5,2,24,1097.6,1
P22,22,Male,Light,1325.2,28.7,1,25,1173.9,1
P22,22,Male,Noise,466.5,74.2,2,1,810.6,0
P22,22,Male,Noise,459.1,65.3,2,2,788.1,1
P22,22,Male,Noise,518.1,71.3,1,3,671.6,1
P22,22,Male,Noise,479.8,82.5,1,4,843.3,1
P22,22,Male,Noise,497.0,71.6,2,5,871.3,1
P22,22,Male,Noise,476.4,68.1,2,6,847.6,1
P22,22,Male,Noise,411.7,69.6,1,7,719.7,1
P22,22,Male,Noise,503.2,73.2,1,8,777.4,1
P22,22,Male,Noise,456.5,70.0,2,9,846.7,1
P22,22,Male,Noise,548.8,65.3,1,10,796.2,1
P22,22,Male,Noise,478.7,70.7,1,11,756.2,1
P22,22,Male,Noise,451.9,66.3,1,12,630.8,1
P22,22,Male,Noise,430.6,66.9,1,13,774.2,1
P22,22,Male,Noise,476.3,70.3,1,14,740.0,0
P22,22,Male,Noise,447.1,57.8,1,15,666.0,1
P22,22,Male,Noise,473.7,74.2,2,16,742.4,1
P22,22,Male,Noise,446.5,68.4,1,17,736.5,1
P22,22,Male,Noise,420.4,82.1,2,18,818.3,1
P22,22,Male,Noise,518.8,77.1,2,19,757.6,1
P22,22,Male,Noise,404.7,72.5,2,20,725.3,1
P22,22,Male,Noise,479.9,70.2,2,21,884.5,1
P22,22,Male,Noise,505.8,61.9,1,22,805.4,1
P22,22,Male,Noise,549.5,78.1,1,23,828.1,1
P22,22,Male,Noise,472.2,73.5,1,24,805.4,1
P22,22,Male,Noise,468.3,55.3,1,25,588.0,1
P22,22,Male,Both,1218.3,65.6,1,1,1178.9,1
P22,22,Male,Both,1124.2,62.3,1,2,947.7,0
P22,22,Male,Both,1087.8,66.9,1,3,1034.7,0
P22,22,Male,Both,1288.6,68.8,2,4,1318.7,0
P22,22,Male,Both,1157.6,70.2,2,5,1202.4,0
P22,22,Male,Both,921.3,67.6,1,6,921.4,0
P22,22,Male,Both,1158.2,61.8,2,7,1133.6,0
P22,22,Male,Both,1138.7,58.6,1,8,962.7,1
P22,22,Male,Both,1189.5,69.1,2,9,1104.4,0
P22,22,Male,Both,949.9,59.5,2,10,974.3,0
P22,22,Male,Both,1160.3,67.9,2,11,1145.3,0
P22,22,Male,Both,1056.0,61.4,1,12,981.5,1
P22,22,Male,Both,1406.5,61.3,1,13,1379.9,1
P22,22,Male,Both,1061.2,66.3,1,14,974.8,1
P22,22,Male,Both,1057.0,61.0,2,15,1002.0,1
P22,22,Male,Both,1107.4,70.8,1,16,1045.8,0
P22,22,Male,Both,1154.0,64.5,2,17,1186.5,0
P22,22,Male,Both,1081.2,62.9,2,18,1087.5,1
P22,22,Male,Both,1043.6,70.8,1,19,1030.2,1
P22,22,Male,Both,934.6,70.3,2,20,988.1,1
P22,22,Male,Both,911.1,68.4,1,21,922.7,0
P22,22,Male,Both,1111.7,58.1,1,22,1045.8,0
P22,22,Male,Both,1021.2,69.2,2,23,1077.8,1
P22,22,Male,Both,1182.6,59.0,1,24,987.4,1
P22,22,Male,Both,1250.8,78.3,1,25,1260.1,1
P23,20,Male,Baseline,471.1,39.9,1,1,467.8,1
P23,20,Male,Baseline,438.2,35.0,1,2,503.0,1
P23,20,Male,Baseline,455.0,38.3,1,3,609.3,1
P23,20,Male,Baseline,478.3,44.1,2,4,530.6,1
P23,20,Male,Baseline,490.0,42.3,1,5,495.8,1
P23,20,Male,Baseline,477.7,42.9,2,6,494.2,1
P23,20,Male,Baseline,464.5,35.2,2,7,587.6,1
P23,20,Male,Baseline,440.9,31.4,1,8,520.1,1
P23,20,Male,Baseline,553.5,45.5,1,9,455.9,1
P23,20,Male,Baseline,514.8,41.0,1,10,484.7,1
P23,20,Male,Baseline,480.0,38.5,1,11,540.4,0
P23,20,Male,Baseline,498.6,38.9,1,12,515.2,1
P23,20,Male,Baseline,511.5,37.2,2,13,597.2,1
P23,20,Male,Baseline,427.0,33.9,1,14,526.3,1
P23,20,Male,Baseline,394.7,36.5,2,15,551.1,1
P23,20,Male,Baseline,521.7,41.2,1,16,564.2,1
P23,20,Male,Baseline,549.3,40.5,2,17,527.2,1
P23,20,Male,Baseline,480.3,36.9,1,18,545.1,1
P23,20,Male,Baseline,476.5,37.0,2,19,555.8,1
P23,20,Male,Baseline,521.5,43.0,2,20,630.0,1
P23,20,Male,Baseline,394.4,37.4,1,21,512.4,1
P23,20,Male,Baseline,479.2,33.8,1,22,441.2,1
P23,20,Male,Baseline,441.2,38.0,1,23,564.9,1
P23,20,Male,Baseline,492.1,40.9,1,24,588.0,1
P23,20,Male,Baseline,406.5,35.9,2,25,545.6,1
P23,20,Male,Light,1093.7,38.3,1,1,842.5,1
P23,20,Male,Light,1117.6,41.6,2,2,848.7,1
P23,20,Male,Light,1106.6,43.9,1,3,707.5,1
P23,20,Male,Light,1177.0,41.5,2,4,949.1,0
P23,20,Male,Light,1018.6,35.2,1,5,726.7,1
P23,20,Male,Light,983.4,37.2,1,6,711.6,1
P23,20,Male,Light,1045.4,43.0,2,7,770.6,1
P23,20,Male,Light,940.9,35.1,2,8,736.0,1
P23,20,Male,Light,1155.1,46.4,1,9,810.4,0
P23,20,Male,Light,994.9,35.2,1,10,705.2,1
P23,20,Male,Light,1254.0,40.0,1,11,1077.2,1
P23,20,Male,Light,936.7,42.2,2,12,676.3,1
P23,20,Male,Light,1089.8,37.2,2,13,779.2,1
P23,20,Male,Light,1200.4,38.1,2,14,890.2,1
P23,20,Male,Light,1139.2,39.4,2,15,849.9,0
P23,20,Male,Light,1142.0,34.4,2,16,855.8,1
P23,20,Male,Light,1115.3,47.4,2,17,920.8,1
P23,20,Male,Light,1135.9,31.0,2,18,754.2,1
P23,20,Male,Light,1252.7,39.6,2,19,1030.2,0
P23,20,Male,Light,1078.1,45.2,2,20,806.9,1
P23,20,Male,Light,1238.0,37.7,2,21,909.8,1
P23,20,Male,Light,972.2,37.5,2,22,722.0,1
P23,20,Male,Light,1107.9,42.2,1,23,787.8,1
P23,20,Male,Light,1043.6,34.4,1,24,737.2,0
P23,20,Male,Light,1129.5,30.4,2,25,898.9,0
P23,20,Male,Noise,464.7,71.0,2,1,591.4,1
P23,20,Male,Noise,451.0,63.7,1,2,527.1,1
P23,20,Male,Noise,460.5,79.2,1,3,565.4,1
P23,20,Male,Noise,521.1,66.2,2,4,590.8,1
P23,20,Male,Noise,414.4,61.3,2,5,661.5,1
P23,20,Male,Noise,535.2,70.6,2,6,647.9,1
P23,20,Male,Noise,434.2,58.8,2,7,558.6,1
P23,20,Male,Noise,484.8,69.2,2,8,699.5,1
P23,20,Male,Noise,487.8,65.8,1,9,543.5,1
P23,20,Male,Noise,584.7,68.9,2,10,678.2,1
P23,20,Male,Noise,520.8,71.8,1,11,610.6,1
P23,20,Male,Noise,530.9,69.4,2,12,645.2,1
P23,20,Male,Noise,443.8,64.4,2,13,540.5,1
P23,20,Male,Noise,441.5,65.6,2,14,629.7,1
P23,20,Male,Noise,466.3,67.7,2,15,622.7,0
P23,20,Male,Noise,523.3,57.5,2,16,600.4,1
P23,20,Male,Noise,496.8,60.7,1,17,557.7,1
P23,20,Male,Noise,493.3,62.1,1,18,541.9,1
P23,20,Male,Noise,432.0,67.6,2,19,631.1,1
P23,20,Male,Noise,463.5,70.2,2,20,617.3,0
P23,20,Male,Noise,514.8,65.1,2,21,591.8,1
P23,20,Male,Noise,521.5,65.2,1,22,449.7,1
P23,20,Male,Noise,447.9,66.8,2,23,642.4,1
P23,20,Male,Noise,430.9,59.8,1,24,559.0,1
P23,20,Male,Noise,492.2,65.6,2,25,544.1,1
P23,20,Male,Both,1116.1,77.9,2,1,1002.8,0
P23,20,Male,Both,1094.9,66.4,1,2,883.6,1
P23,20,Male,Both,936.4,69.3,1,3,838.4,1
P23,20,Male,Both,1181.3,73.1,1,4,950.2,0
P23,20,Male,Both,1220.7,70.6,1,5,1072.5,1
P23,20,Male,Both,1079.8,67.4,1,6,938.2,0
P23,20,Male,Both,1103.1,67.6,1,7,821.9,0
P23,20,Male,Both,1027.5,66.2,2,8,940.3,1
P23,20,Male,Both,1138.1,67.2,2,9,1101.7,1
P23,20,Male,Both,1025.0,61.0,2,10,862.5,1
P23,20,Male,Both,1142.9,66.7,2,11,1025.2,1
P23,20,Male,Both,1039.2,71.2,1,12,830.6,1
P23,20,Male,Both,1213.1,66.6,1,13,1088.7,0
P23,20,Male,Both,1026.1,53.4,2,14,823.5,1
P23,20,Male,Both,1041.1,65.9,1,15,910.9,1
P23,20,Male,Both,1228.4,70.5,2,16,1084.7,1
P23,20,Male,Both,1182.0,73.0,1,17,989.0,1
P23,20,Male,Both,1158.4,66.1,1,18,910.1,0
P23,20,Male,Both,1166.2,74.3,1,19,917.5,1
P23,20,Male,Both,1064.2,72.0,2,20,920.5,0
P23,20,Male,Both,1148.3,67.2,2,21,973.6,1
P23,20,Male,Both,1212.7,63.0,1,22,1074.4,1
P23,20,Male,Both,1167.0,70.0,2,23,1038.3,1
P23,20,Male,Both,1183.2,73.8,2,24,1006.5,1
P23,20,Male,Both,1064.2,64.2,1,25,850.7,0
P24,29,Male,Baseline,501.6,37.0,1,1,616.4,1
P24,29,Male,Baseline,451.7,39.6,1,2,606.6,1
P24,29,Male,Baseline,513.9,36.1,1,3,532.9,1
P24,29,Male,Baseline,452.0,34.1,2,4,645.6,1
P24,29,Male,Baseline,485.7,34.8,1,5,516.6,1
P24,29,Male,Baseline,454.7,37.1,1,6,488.4,1
P24,29,Male,Baseline,521.1,44.5,1,7,568.6,0
P24,29,Male,Baseline,485.8,33.1,1,8,705.6,1
P24,29,Male,Baseline,475.1,44.4,1,9,636.0,1
P24,29,Male,Baseline,425.2,35.6,1,10,738.9,1
P24,29,Male,Baseline,491.0,34.1,2,11,600.1,1
P24,29,Male,Baseline,457.6,45.8,1,12,724.0,1
P24,29,Male,Baseline,453.0,31.4,1,13,626.6,1
P24,29,Male,Baseline,516.4,37.2,2,14,707.3,1
P24,29,Male,Baseline,501.5,36.0,2,15,697.9,1
P24,29,Male,Baseline,511.8,31.7,2,16,619.2,1
P24,29,Male,Baseline,422.3,36.4,1,17,695.2,1
P24,29,Male,Baseline,521.2,39.2,1,18,589.8,1
P24,29,Male,Baseline,509.2,42.8,2,19,589.0,0
P24,29,Male,Baseline,466.9,28.6,1,20,719.7,1
P24,29,Male,Baseline,454.6,33.6,2,21,621.1,1
P24,29,Male,Baseline,449.4,38.5,1,22,657.5,1
P24,29,Male,Baseline,521.8,38.0,2,23,645.4,1
P24,29,Male,Baseline,453.2,34.8,1,24,589.5,1
P24,29,Male,Baseline,461.6,40.5,2,25,589.4,0
P24,29,Male,Light,1020.9,41.1,2,1,874.5,1
P24,29,Male,Light,1171.7,41.8,1,2,925.3,0
P24,29,Male,Light,1076.7,37.0,2,3,907.8,1
P24,29,Male,Light,1125.0,42.1,2,4,1008.2,1
P24,29,Male,Light,1204.0,39.9,2,5,1210.8,1
P24,29,Male,Light,1169.8,39.2,1,6,956.3,1
P24,29,Male,Light,1152.1,42.6,2,7,1029.5,1
P24,29,Male,Light,1067.3,32.7,2,8,900.6,1
P24,29,Male,Light,1127.7,39.2,2,9,982.2,1
P24,29,Male,Light,1003.1,44.9,2,10,938.5,1
P24,29,Male,Light,1058.9,39.7,1,11,867.1,0
P24,29,Male,Light,1081.5,40.4,2,12,927.9,1
P24,29,Male,Light,1311.2,30.7,2,13,1229.9,1
P24,29,Male,Light,1035.9,36.9,2,14,946.1,1
P24,29,Male,Light,1209.3,43.1,2,15,1124.5,0
P24,29,Male,Light,1149.4,40.0,2,16,928.8,0
P24,29,Male,Light,1107.0,39.2,2,17,908.0,1
P24,29,Male,Light,1115.2,43.4,1,18,863.0,1
P24,29,Male,Light,1167.0,35.8,1,19,896.1,0
P24,29,Male,Light,999.9,42.5,1,20,914.9,1
P24,29,Male,Light,1113.5,43.7,1,21,872.8,1
P24,29,Male,Light,1059.7,35.3,1,22,800.7,1
P24,29,Male,Light,1151.6,37.1,2,23,966.6,1
P24,29,Male,Light,1173.0,33.8,1,24,932.5,1
P24,29,Male,Light,967.4,40.2,2,25,873.0,1
P24,29,Male,Noise,467.0,63.4,2,1,703.4,1
P24,29,Male,Noise,418.0,65.2,1,2,740.7,1
P24,29,Male,Noise,512.6,56.3,1,3,640.3,1
P24,29,Male,Noise,433.2,71.4,2,4,824.4,1
P24,29,Male,Noise,465.1,68.7,2,5,730.0,1
P24,29,Male,Noise,500.9,67.2,2,6,755.7,1
P24,29,Male,Noise,510.9,65.2,1,7,755.6,1
P24,29,Male,Noise,446.3,62.9,1,8,659.9,1
P24,29,Male,Noise,409.3,70.5,1,9,740.9,1
P24,29,Male,Noise,448.2,69.5,1,10,693.6,1
P24,29,Male,Noise,504.1,73.5,1,11,726.5,1
P24,29,Male,Noise,476.1,72.3,2,12,824.9,1
P24,29,Male,Noise,497.0,67.4,2,13,659.1,1
P24,29,Male,Noise,467.1,70.5,1,14,744.1,1
P24,29,Male,Noise,443.1,75.7,2,15,755.3,1
P24,29,Male,Noise,523.4,72.7,1,16,634.4,1
P24,29,Male,Noise,518.6,67.2,2,17,814.4,0
P24,29,Male,Noise,421.7,66.8,1,18,872.2,1
P24,29,Male,Noise,450.3,63.0,1,19,730.9,1
P24,29,Male,Noise,489.9,74.3,1,20,676.0,1
P24,29,Male,Noise,491.5,74.9,2,21,751.0,1
P24,29,Male,Noise,412.9,56.4,1,22,713.0,1
P24,29,Male,Noise,469.5,72.2,2,23,807.1,1
P24,29,Male,Noise,500.1,69.5,2,24,781.5,0
P24,29,Male,Noise,518.2,55.8,2,25,722.3,1
P24,29,Male,Both,1054.8,77.2,2,1,1113.4,1
P24,29,Male,Both,1053.0,61.6,2,2,983.4,1
P24,29,Male,Both,1110.1,70.2,2,3,1133.8,1
P24,29,Male,Both,1062.7,77.9,2,4,1103.7,1
P24,29,Male,Both,1169.0,60.7,1,5,1023.7,0
P24,29,Male,Both,1039.5,74.3,2,6,1071.4,1
P24,29,Male,Both,1097.2,73.0,2,7,1109.8,0
P24,29,Male,Both,1175.0,77.2,1,8,1062.4,1
P24,29,Male,Both,1199.4,73.6,2,9,1160.6,0
P24,29,Male,Both,1032.5,70.7,2,10,1026.0,0
P24,29,Male,Both,1201.4,69.7,1,11,1152.0,0
P24,29,Male,Both,1152.4,70.3,1,12,1089.9,1
P24,29,Male,Both,1215.5,70.1,2,13,1145.2,1
P24,29,Male,Both,1056.5,68.9,2,14,971.2,1
P24,29,Male,Both,890.1,52.4,1,15,782.5,1
P24,29,Male,Both,1279.7,63.1,2,16,1171.8,0
P24,29,Male,Both,980.3,66.9,1,17,894.3,0
P24,29,Male,Both,1166.3,66.3,2,18,1073.5,0
P24,29,Male,Both,950.1,71.2,2,19,939.8,1
P24,29,Male,Both,1093.7,61.8,2,20,1013.9,1
P24,29,Male,Both,1208.9,63.2,2,21,1175.7,1
P24,29,Male,Both,1111.6,69.8,2,22,1122.8,0
P24,29,Male,Both,1134.9,72.6,1,23,1102.8,1
P24,29,Male,Both,1164.2,71.4,1,24,1091.1,1
P24,29,Male,Both,1193.2,65.5,2,25,1091.0,0
